staff_id,department,current_role,current_skills,target_department,target_role,required_skills,seniority_years,recent_training_hours,performance_rating,avg_salary_usd,recent_ot_hours
STF-00001,Treasury & Markets,Treasury Analyst,"forex_ops,data_analytics,treasury_ops,credit_risk,aml_compliance",Treasury & Markets,Markets Associate,"data_analytics,forex_ops,credit_risk,it_support",2.8,13.0,3,406.49,9.8
STF-00002,Retail Banking,Customer Service Rep,"teller_ops,branch_management,customer_service,sales_advisory,aml_compliance",Retail Banking,Branch Supervisor,"customer_service,branch_management,sales_advisory",2.5,20.0,4,710.88,1.8
STF-00003,Digital & IT,IT Support Analyst,"digital_banking,cybersecurity",Digital & IT,IT Support Analyst,"cybersecurity,digital_banking,it_support",4.9,11.0,4,758.62,4.8
STF-00004,Private & Wealth,Wealth Advisor,"customer_service,leadership,sales_advisory,wealth_management,data_analytics",Private & Wealth,Relationship Manager,"sales_advisory,leadership",6.3,22.0,4,706.79,4.8
STF-00005,Retail Banking,Branch Supervisor,"customer_service,branch_management,sales_advisory",Private & Wealth,Wealth Advisor,"sales_advisory,leadership,credit_risk",5.4,18.0,4,737.16,5.8
STF-00006,Private & Wealth,Private Banker,"sales_advisory,wealth_management,customer_service,leadership,aml_compliance",Compliance & Risk,AML Investigator,"cybersecurity,credit_risk",6.9,15.0,3,644.61,5.1
STF-00007,Treasury & Markets,FX Dealer,"data_analytics,treasury_ops,forex_ops",Treasury & Markets,Treasury Analyst,"data_analytics,forex_ops,wealth_management",0.1,12.0,3,633.15,7.6
STF-00008,Retail Banking,Branch Supervisor,"sales_advisory,branch_management",Retail Banking,Branch Officer,"customer_service,sales_advisory",2.9,20.0,3,422.65,11.9
STF-00009,Compliance & Risk,AML Investigator,"credit_risk,aml_compliance,leadership,cybersecurity",Compliance & Risk,Risk Analyst,"leadership,aml_compliance,cybersecurity,teller_ops",4.3,23.0,2,843.68,2.2
STF-00010,Digital & IT,Systems Administrator,"data_analytics,it_support",Retail Banking,Teller,"teller_ops,customer_service,branch_management",2.5,18.0,2,832.56,6.6
STF-00011,Retail Banking,Teller,"teller_ops,customer_service,branch_management,sales_advisory",Private & Wealth,Private Banker,"wealth_management,customer_service",4.8,20.0,2,653.04,9.1
STF-00012,Private & Wealth,Private Banker,"customer_service,sales_advisory,leadership,wealth_management,credit_risk",Compliance & Risk,AML Investigator,"credit_risk,aml_compliance,cybersecurity",20.7,14.0,3,1038.99,7.9
STF-00013,Treasury & Markets,FX Dealer,"credit_risk,data_analytics,it_support",Compliance & Risk,Compliance Officer,"credit_risk,leadership,cybersecurity",3.5,15.0,3,576.53,0.0
STF-00014,Compliance & Risk,Risk Analyst,"aml_compliance,cybersecurity,credit_risk,leadership,forex_ops",Compliance & Risk,AML Investigator,"aml_compliance,cybersecurity",8.7,15.0,4,904.03,7.0
STF-00015,Private & Wealth,Wealth Advisor,"customer_service,sales_advisory,leadership,wealth_management",Treasury & Markets,Markets Associate,"treasury_ops,data_analytics",1.4,23.0,4,446.02,7.7
STF-00016,Private & Wealth,Relationship Manager,"customer_service,wealth_management,sales_advisory,leadership,credit_risk",Treasury & Markets,Treasury Analyst,"treasury_ops,credit_risk,forex_ops,data_analytics",2.9,23.0,2,578.46,4.7
STF-00017,Retail Banking,Customer Service Rep,"teller_ops,sales_advisory,customer_service",Compliance & Risk,Compliance Officer,"leadership,credit_risk,cybersecurity",1.2,16.0,4,733.26,9.1
STF-00018,Treasury & Markets,FX Dealer,"forex_ops,credit_risk,treasury_ops,sales_advisory",Treasury & Markets,FX Dealer,"data_analytics,credit_risk,forex_ops,leadership",4.2,20.0,4,796.29,9.7
STF-00019,Treasury & Markets,FX Dealer,"forex_ops,credit_risk,treasury_ops,data_analytics",Private & Wealth,Private Banker,"customer_service,leadership,wealth_management",2.6,19.0,2,576.34,12.3
STF-00020,Credit & Lending,Credit Analyst,"data_analytics,loan_underwriting,aml_compliance",Digital & IT,Digital Banking Officer,"it_support,cybersecurity",0.3,19.0,4,613.37,3.8
STF-00021,Compliance & Risk,Compliance Officer,"credit_risk,leadership",Compliance & Risk,Compliance Officer,"cybersecurity,leadership,credit_risk",5.3,19.0,3,567.45,4.2
STF-00022,Retail Banking,Branch Supervisor,"customer_service,sales_advisory,branch_management,teller_ops",Retail Banking,Teller,"teller_ops,branch_management,sales_advisory",8.2,12.0,3,928.66,11.4
STF-00023,Private & Wealth,Wealth Advisor,"customer_service,leadership,wealth_management,sales_advisory,loan_underwriting",Credit & Lending,Loan Officer,"aml_compliance,data_analytics",5.2,16.0,3,499.25,4.6
STF-00024,Digital & IT,IT Support Analyst,"digital_banking,it_support,data_analytics",Digital & IT,IT Support Analyst,"it_support,cybersecurity,digital_banking",6.1,16.0,4,761.32,7.8
STF-00025,Compliance & Risk,Risk Analyst,"credit_risk,cybersecurity,customer_service",Treasury & Markets,Treasury Analyst,"treasury_ops,forex_ops,data_analytics,branch_management",2.3,21.0,2,751.53,6.8
STF-00026,Credit & Lending,Lending Manager,"aml_compliance,credit_risk,loan_underwriting,customer_service",Credit & Lending,Credit Analyst,"data_analytics,aml_compliance,loan_underwriting,cybersecurity",5.4,22.0,4,874.04,11.9
STF-00027,Credit & Lending,Credit Analyst,"data_analytics,loan_underwriting,aml_compliance,it_support",Credit & Lending,Loan Officer,"credit_risk,loan_underwriting,aml_compliance,leadership",5.4,23.0,3,593.67,3.6
STF-00028,Compliance & Risk,Compliance Officer,"leadership,credit_risk",Private & Wealth,Relationship Manager,"leadership,wealth_management,customer_service,it_support",1.1,19.0,3,717.38,3.0
STF-00029,Credit & Lending,Credit Analyst,"loan_underwriting,credit_risk,data_analytics",Compliance & Risk,Risk Analyst,"credit_risk,leadership,aml_compliance,treasury_ops",6.6,14.0,4,607.3,11.8
STF-00030,Digital & IT,Systems Administrator,"cybersecurity,data_analytics,digital_banking,it_support",Credit & Lending,Underwriter,"aml_compliance,credit_risk",5.8,16.0,3,576.68,9.7
STF-00031,Retail Banking,Customer Service Rep,"customer_service,teller_ops,sales_advisory,branch_management,data_analytics",Retail Banking,Branch Supervisor,"branch_management,customer_service,sales_advisory",1.7,7.0,3,594.64,3.8
STF-00032,Private & Wealth,Wealth Advisor,"customer_service,sales_advisory,loan_underwriting",Private & Wealth,Wealth Advisor,"leadership,sales_advisory",2.3,25.0,3,809.66,3.5
STF-00033,Retail Banking,Customer Service Rep,"customer_service,teller_ops,forex_ops",Retail Banking,Branch Supervisor,"sales_advisory,teller_ops,leadership",7.6,18.0,2,824.65,2.2
STF-00034,Digital & IT,Systems Administrator,"it_support,cybersecurity,digital_banking,data_analytics,leadership",Retail Banking,Customer Service Rep,"teller_ops,sales_advisory,branch_management,digital_banking",0.4,18.0,3,708.19,12.6
STF-00035,Retail Banking,Branch Supervisor,"branch_management,sales_advisory,teller_ops,customer_service,cybersecurity",Treasury & Markets,Markets Associate,"data_analytics,credit_risk,customer_service",2.5,23.0,2,808.2,6.6
STF-00036,Compliance & Risk,Risk Analyst,"cybersecurity,aml_compliance",Digital & IT,IT Support Analyst,"cybersecurity,it_support",1.9,18.0,3,671.88,6.6
STF-00037,Compliance & Risk,AML Investigator,"credit_risk,cybersecurity,aml_compliance,leadership",Compliance & Risk,Risk Analyst,"aml_compliance,leadership,treasury_ops",2.5,21.0,4,415.9,2.8
STF-00038,Compliance & Risk,AML Investigator,"leadership,cybersecurity",Compliance & Risk,AML Investigator,"leadership,aml_compliance",6.3,13.0,3,896.58,7.0
STF-00039,Retail Banking,Teller,"branch_management,sales_advisory,customer_service",Treasury & Markets,Treasury Analyst,"forex_ops,data_analytics,credit_risk",5.3,18.0,3,676.32,7.1
STF-00040,Compliance & Risk,AML Investigator,"aml_compliance,leadership,credit_risk,cybersecurity,teller_ops",Compliance & Risk,AML Investigator,"cybersecurity,credit_risk",8.1,14.0,3,1049.55,5.8
STF-00041,Compliance & Risk,Risk Analyst,"aml_compliance,credit_risk",Private & Wealth,Relationship Manager,"leadership,sales_advisory,credit_risk",5.6,16.0,4,810.47,9.3
STF-00042,Credit & Lending,Credit Analyst,"aml_compliance,loan_underwriting,credit_risk,data_analytics,digital_banking",Private & Wealth,Private Banker,"customer_service,sales_advisory,wealth_management,branch_management",2.5,10.0,4,672.99,4.1
STF-00043,Credit & Lending,Credit Analyst,"credit_risk,data_analytics,loan_underwriting",Credit & Lending,Lending Manager,"credit_risk,data_analytics",6.5,12.0,2,625.81,0.0
STF-00044,Digital & IT,Digital Banking Officer,"it_support,digital_banking,data_analytics,cybersecurity,branch_management",Digital & IT,IT Support Analyst,"it_support,cybersecurity",1.9,17.0,2,710.68,10.5
STF-00045,Retail Banking,Customer Service Rep,"sales_advisory,customer_service",Retail Banking,Customer Service Rep,"sales_advisory,teller_ops,customer_service",8.7,15.0,3,1159.08,13.8
STF-00046,Retail Banking,Branch Officer,"branch_management,teller_ops,sales_advisory,it_support",Treasury & Markets,FX Dealer,"treasury_ops,data_analytics,forex_ops",8.0,14.0,4,861.85,5.5
STF-00047,Digital & IT,Systems Administrator,"digital_banking,it_support,treasury_ops",Treasury & Markets,Treasury Analyst,"credit_risk,data_analytics,forex_ops,loan_underwriting",5.3,24.0,2,633.52,2.7
STF-00048,Credit & Lending,Underwriter,"credit_risk,data_analytics,loan_underwriting,aml_compliance",Digital & IT,Digital Banking Officer,"digital_banking,data_analytics,it_support",4.7,18.0,2,1040.92,0.0
STF-00049,Retail Banking,Branch Supervisor,"customer_service,sales_advisory,branch_management,forex_ops",Private & Wealth,Wealth Advisor,"customer_service,sales_advisory,leadership,cybersecurity",4.6,18.0,4,756.72,0.0
STF-00050,Treasury & Markets,Markets Associate,"credit_risk,treasury_ops,customer_service",Credit & Lending,Lending Manager,"credit_risk,aml_compliance",3.2,17.0,4,747.66,5.1
STF-00051,Private & Wealth,Relationship Manager,"wealth_management,sales_advisory,customer_service,leadership",Digital & IT,IT Support Analyst,"digital_banking,it_support,data_analytics",2.0,15.0,3,699.36,3.4
STF-00052,Private & Wealth,Private Banker,"leadership,customer_service,sales_advisory,data_analytics",Private & Wealth,Relationship Manager,"leadership,sales_advisory",6.9,20.0,2,610.96,10.6
STF-00053,Treasury & Markets,Markets Associate,"forex_ops,credit_risk,data_analytics,treasury_ops",Treasury & Markets,Markets Associate,"treasury_ops,data_analytics,credit_risk",7.3,20.0,4,849.89,4.5
STF-00054,Credit & Lending,Lending Manager,"data_analytics,credit_risk,aml_compliance,loan_underwriting",Compliance & Risk,AML Investigator,"leadership,aml_compliance",9.0,16.0,3,886.53,4.2
STF-00055,Digital & IT,Digital Banking Officer,"it_support,data_analytics,digital_banking,forex_ops",Digital & IT,Systems Administrator,"cybersecurity,it_support",8.5,19.0,2,948.11,6.2
STF-00056,Digital & IT,Systems Administrator,"cybersecurity,data_analytics,digital_banking,it_support,sales_advisory",Digital & IT,Systems Administrator,"cybersecurity,digital_banking,aml_compliance",1.9,16.0,4,577.0,2.9
STF-00057,Retail Banking,Branch Supervisor,"sales_advisory,branch_management",Retail Banking,Branch Supervisor,"teller_ops,customer_service,sales_advisory",6.3,24.0,2,795.85,6.2
STF-00058,Treasury & Markets,Treasury Analyst,"data_analytics,credit_risk,treasury_ops,forex_ops",Treasury & Markets,FX Dealer,"data_analytics,credit_risk",5.9,14.0,3,873.27,15.8
STF-00059,Digital & IT,IT Support Analyst,"digital_banking,cybersecurity,data_analytics,it_support",Treasury & Markets,FX Dealer,"forex_ops,credit_risk,digital_banking",2.0,15.0,3,734.3,7.3
STF-00060,Retail Banking,Teller,"teller_ops,branch_management,customer_service,sales_advisory,treasury_ops",Retail Banking,Teller,"teller_ops,sales_advisory,branch_management",4.3,19.0,4,889.95,6.5
STF-00061,Retail Banking,Branch Officer,"customer_service,sales_advisory,teller_ops,branch_management",Treasury & Markets,Treasury Analyst,"data_analytics,credit_risk",2.4,24.0,3,689.95,6.6
STF-00062,Digital & IT,Digital Banking Officer,"digital_banking,it_support,data_analytics",Compliance & Risk,AML Investigator,"cybersecurity,credit_risk,aml_compliance,data_analytics",1.1,18.0,3,709.49,4.4
STF-00063,Credit & Lending,Loan Officer,"loan_underwriting,credit_risk,data_analytics",Private & Wealth,Wealth Advisor,"leadership,sales_advisory,wealth_management,data_analytics",2.3,20.0,3,839.94,12.9
STF-00064,Treasury & Markets,Markets Associate,"data_analytics,forex_ops,credit_risk",Treasury & Markets,Markets Associate,"treasury_ops,credit_risk,data_analytics",1.0,22.0,1,809.62,11.2
STF-00065,Digital & IT,Systems Administrator,"data_analytics,cybersecurity",Private & Wealth,Wealth Advisor,"sales_advisory,customer_service,branch_management",3.4,16.0,3,795.66,5.9
STF-00066,Compliance & Risk,Compliance Officer,"cybersecurity,credit_risk",Treasury & Markets,Markets Associate,"credit_risk,forex_ops",9.6,12.0,3,808.83,13.2
STF-00067,Compliance & Risk,Compliance Officer,"cybersecurity,aml_compliance,leadership,credit_risk,it_support",Compliance & Risk,Compliance Officer,"cybersecurity,credit_risk",5.3,20.0,3,895.28,9.4
STF-00068,Retail Banking,Teller,"teller_ops,branch_management",Retail Banking,Teller,"teller_ops,sales_advisory,customer_service,loan_underwriting",3.4,11.0,2,758.45,1.7
STF-00069,Compliance & Risk,Risk Analyst,"aml_compliance,leadership,credit_risk,teller_ops",Private & Wealth,Private Banker,"customer_service,leadership",0.9,27.0,4,734.67,11.2
STF-00070,Digital & IT,IT Support Analyst,"cybersecurity,digital_banking,data_analytics",Digital & IT,IT Support Analyst,"digital_banking,data_analytics,it_support",3.3,16.0,5,801.04,7.5
STF-00071,Private & Wealth,Private Banker,"wealth_management,customer_service,sales_advisory,leadership",Private & Wealth,Relationship Manager,"leadership,wealth_management",3.4,21.0,2,511.28,2.4
STF-00072,Treasury & Markets,FX Dealer,"data_analytics,forex_ops,credit_risk",Treasury & Markets,FX Dealer,"credit_risk,treasury_ops,forex_ops",0.8,25.0,2,847.18,11.5
STF-00073,Retail Banking,Customer Service Rep,"sales_advisory,teller_ops,customer_service",Retail Banking,Branch Officer,"sales_advisory,customer_service",6.2,18.0,3,666.33,7.3
STF-00074,Digital & IT,Digital Banking Officer,"cybersecurity,digital_banking",Digital & IT,Digital Banking Officer,"it_support,digital_banking",0.5,20.0,2,925.27,1.0
STF-00075,Treasury & Markets,Treasury Analyst,"treasury_ops,credit_risk,leadership",Compliance & Risk,Compliance Officer,"credit_risk,leadership",2.7,12.0,3,735.4,4.1
STF-00076,Digital & IT,IT Support Analyst,"it_support,data_analytics,credit_risk",Digital & IT,IT Support Analyst,"data_analytics,cybersecurity,it_support",4.4,18.0,3,632.13,6.4
STF-00077,Compliance & Risk,Compliance Officer,"aml_compliance,leadership,cybersecurity",Compliance & Risk,Compliance Officer,"leadership,cybersecurity,aml_compliance,loan_underwriting",3.8,22.0,3,819.16,6.6
STF-00078,Compliance & Risk,Compliance Officer,"leadership,cybersecurity",Retail Banking,Teller,"customer_service,sales_advisory,data_analytics",5.2,26.0,2,874.79,4.4
STF-00079,Retail Banking,Branch Supervisor,"branch_management,teller_ops,sales_advisory,loan_underwriting",Retail Banking,Customer Service Rep,"branch_management,customer_service",8.6,13.0,5,865.33,12.5
STF-00080,Private & Wealth,Wealth Advisor,"leadership,customer_service,wealth_management,cybersecurity",Private & Wealth,Relationship Manager,"sales_advisory,wealth_management",6.4,24.0,4,787.33,8.2
STF-00081,Credit & Lending,Credit Analyst,"aml_compliance,credit_risk",Private & Wealth,Private Banker,"wealth_management,customer_service,sales_advisory",5.3,18.0,3,822.02,7.6
STF-00082,Retail Banking,Branch Officer,"sales_advisory,teller_ops",Retail Banking,Teller,"customer_service,teller_ops,branch_management",4.3,14.0,3,895.43,4.8
STF-00083,Retail Banking,Branch Officer,"branch_management,sales_advisory,customer_service,teller_ops",Retail Banking,Branch Officer,"teller_ops,branch_management,forex_ops",1.4,23.0,3,831.95,12.5
STF-00084,Digital & IT,IT Support Analyst,"data_analytics,cybersecurity,treasury_ops",Treasury & Markets,Markets Associate,"treasury_ops,data_analytics",8.2,12.0,4,923.28,12.5
STF-00085,Private & Wealth,Wealth Advisor,"sales_advisory,leadership,branch_management",Private & Wealth,Private Banker,"customer_service,sales_advisory,leadership,digital_banking",4.8,19.0,2,740.42,0.0
STF-00086,Compliance & Risk,Risk Analyst,"aml_compliance,leadership,credit_risk",Treasury & Markets,FX Dealer,"data_analytics,credit_risk,treasury_ops",2.3,17.0,3,705.1,7.5
STF-00087,Compliance & Risk,Compliance Officer,"aml_compliance,credit_risk,cybersecurity,leadership,sales_advisory",Treasury & Markets,Treasury Analyst,"credit_risk,data_analytics",4.8,21.0,3,641.53,2.4
STF-00088,Credit & Lending,Loan Officer,"data_analytics,loan_underwriting",Credit & Lending,Lending Manager,"loan_underwriting,data_analytics,credit_risk",5.8,19.0,2,493.2,6.1
STF-00089,Compliance & Risk,Risk Analyst,"aml_compliance,leadership",Digital & IT,Systems Administrator,"data_analytics,cybersecurity,digital_banking",6.1,23.0,2,1098.29,4.8
STF-00090,Compliance & Risk,Risk Analyst,"credit_risk,aml_compliance,data_analytics",Credit & Lending,Lending Manager,"data_analytics,aml_compliance",6.0,15.0,3,687.28,5.4
STF-00091,Compliance & Risk,Compliance Officer,"aml_compliance,cybersecurity,leadership,credit_risk,digital_banking",Credit & Lending,Credit Analyst,"aml_compliance,loan_underwriting",1.0,13.0,4,589.9,9.4
STF-00092,Treasury & Markets,Treasury Analyst,"forex_ops,credit_risk,treasury_ops,data_analytics",Treasury & Markets,FX Dealer,"data_analytics,treasury_ops",1.1,17.0,3,782.94,9.0
STF-00093,Compliance & Risk,AML Investigator,"leadership,aml_compliance,cybersecurity,sales_advisory",Credit & Lending,Lending Manager,"credit_risk,aml_compliance,loan_underwriting",1.4,8.0,3,782.93,0.8
STF-00094,Private & Wealth,Private Banker,"wealth_management,customer_service",Private & Wealth,Wealth Advisor,"sales_advisory,leadership,wealth_management,customer_service",6.0,10.0,3,789.48,6.6
STF-00095,Private & Wealth,Private Banker,"wealth_management,leadership,customer_service,sales_advisory",Treasury & Markets,Markets Associate,"forex_ops,data_analytics,credit_risk",14.6,11.0,3,918.7,11.2
STF-00096,Compliance & Risk,AML Investigator,"credit_risk,aml_compliance,leadership,cybersecurity,wealth_management",Compliance & Risk,Compliance Officer,"aml_compliance,cybersecurity,leadership,wealth_management",4.8,15.0,3,766.74,8.3
STF-00097,Credit & Lending,Credit Analyst,"loan_underwriting,credit_risk,wealth_management",Private & Wealth,Wealth Advisor,"leadership,wealth_management",2.5,17.0,2,685.95,4.9
STF-00098,Compliance & Risk,Compliance Officer,"aml_compliance,leadership,forex_ops",Retail Banking,Customer Service Rep,"sales_advisory,customer_service,branch_management",6.0,20.0,3,839.15,6.1
STF-00099,Compliance & Risk,Compliance Officer,"cybersecurity,aml_compliance",Compliance & Risk,Risk Analyst,"credit_risk,aml_compliance",5.2,18.0,4,997.37,8.5
STF-00100,Treasury & Markets,Markets Associate,"forex_ops,credit_risk,branch_management",Treasury & Markets,Treasury Analyst,"forex_ops,data_analytics,credit_risk,aml_compliance",9.9,19.0,3,753.99,7.8
STF-00101,Retail Banking,Branch Supervisor,"branch_management,sales_advisory",Retail Banking,Teller,"sales_advisory,branch_management,teller_ops",9.0,18.0,4,840.49,2.2
STF-00102,Treasury & Markets,FX Dealer,"data_analytics,treasury_ops,forex_ops",Treasury & Markets,Markets Associate,"treasury_ops,credit_risk,data_analytics",1.0,18.0,2,648.63,4.7
STF-00103,Treasury & Markets,FX Dealer,"credit_risk,treasury_ops,data_analytics,wealth_management",Treasury & Markets,Markets Associate,"treasury_ops,data_analytics,forex_ops,leadership",8.0,17.0,3,763.98,0.0
STF-00104,Credit & Lending,Underwriter,"credit_risk,loan_underwriting",Compliance & Risk,Compliance Officer,"leadership,aml_compliance",5.2,13.0,2,982.44,12.7
STF-00105,Compliance & Risk,Compliance Officer,"credit_risk,leadership,cybersecurity,aml_compliance,digital_banking",Compliance & Risk,AML Investigator,"cybersecurity,credit_risk",1.4,11.0,1,340.45,5.4
STF-00106,Retail Banking,Branch Supervisor,"branch_management,sales_advisory,customer_service",Retail Banking,Customer Service Rep,"sales_advisory,customer_service,teller_ops,data_analytics",3.9,15.0,3,646.67,2.3
STF-00107,Compliance & Risk,AML Investigator,"cybersecurity,credit_risk,leadership,digital_banking",Compliance & Risk,Risk Analyst,"credit_risk,leadership,aml_compliance",0.7,29.0,2,479.99,3.9
STF-00108,Retail Banking,Teller,"sales_advisory,branch_management,customer_service",Retail Banking,Branch Supervisor,"customer_service,teller_ops",2.0,14.0,3,872.63,6.8
STF-00109,Retail Banking,Teller,"teller_ops,sales_advisory,branch_management",Retail Banking,Teller,"sales_advisory,branch_management,teller_ops,aml_compliance",6.5,18.0,5,734.83,5.8
STF-00110,Retail Banking,Branch Supervisor,"sales_advisory,branch_management,customer_service,teller_ops",Compliance & Risk,AML Investigator,"cybersecurity,aml_compliance,credit_risk",11.6,19.0,3,786.05,2.3
STF-00111,Credit & Lending,Lending Manager,"loan_underwriting,data_analytics,aml_compliance,credit_risk",Credit & Lending,Underwriter,"credit_risk,data_analytics,branch_management",3.4,15.0,2,597.99,8.1
STF-00112,Compliance & Risk,Risk Analyst,"aml_compliance,cybersecurity,credit_risk,digital_banking",Compliance & Risk,AML Investigator,"leadership,aml_compliance,credit_risk",3.9,22.0,3,644.38,10.6
STF-00113,Retail Banking,Customer Service Rep,"customer_service,branch_management",Retail Banking,Branch Supervisor,"branch_management,teller_ops,sales_advisory,cybersecurity",2.5,23.0,3,747.71,5.7
STF-00114,Treasury & Markets,Treasury Analyst,"treasury_ops,credit_risk,cybersecurity",Treasury & Markets,Markets Associate,"forex_ops,data_analytics,treasury_ops,sales_advisory",2.8,11.0,4,672.99,2.3
STF-00115,Credit & Lending,Credit Analyst,"data_analytics,credit_risk,aml_compliance,loan_underwriting",Private & Wealth,Private Banker,"sales_advisory,wealth_management,leadership,loan_underwriting",9.3,14.0,2,987.06,0.6
STF-00116,Treasury & Markets,FX Dealer,"data_analytics,treasury_ops,credit_risk",Compliance & Risk,Risk Analyst,"leadership,cybersecurity,aml_compliance",7.6,13.0,3,682.36,3.7
STF-00117,Private & Wealth,Wealth Advisor,"leadership,wealth_management,sales_advisory,customer_service,aml_compliance",Private & Wealth,Wealth Advisor,"wealth_management,leadership,customer_service",6.1,22.0,3,909.14,3.9
STF-00118,Treasury & Markets,Markets Associate,"treasury_ops,credit_risk,forex_ops,data_analytics",Treasury & Markets,Treasury Analyst,"credit_risk,forex_ops,data_analytics,cybersecurity",6.7,16.0,4,966.14,6.5
STF-00119,Compliance & Risk,AML Investigator,"aml_compliance,cybersecurity,credit_risk,leadership",Treasury & Markets,Treasury Analyst,"forex_ops,credit_risk,wealth_management",1.5,13.0,3,678.2,8.5
STF-00120,Retail Banking,Teller,"customer_service,teller_ops,sales_advisory,branch_management,digital_banking",Retail Banking,Teller,"teller_ops,sales_advisory",4.3,10.0,4,704.75,0.0
STF-00121,Credit & Lending,Underwriter,"aml_compliance,loan_underwriting,credit_risk,data_analytics",Credit & Lending,Underwriter,"loan_underwriting,data_analytics,aml_compliance,it_support",8.1,23.0,5,566.38,0.2
STF-00122,Compliance & Risk,Risk Analyst,"cybersecurity,aml_compliance,leadership,credit_risk,customer_service",Compliance & Risk,Compliance Officer,"credit_risk,leadership,cybersecurity",4.1,15.0,4,536.12,0.0
STF-00123,Private & Wealth,Relationship Manager,"customer_service,sales_advisory,branch_management",Credit & Lending,Loan Officer,"data_analytics,credit_risk,aml_compliance,treasury_ops",7.4,20.0,2,970.84,14.8
STF-00124,Retail Banking,Teller,"customer_service,teller_ops,branch_management",Credit & Lending,Credit Analyst,"credit_risk,loan_underwriting,data_analytics,aml_compliance",3.3,21.0,3,799.55,9.7
STF-00125,Treasury & Markets,Markets Associate,"forex_ops,data_analytics,credit_risk,treasury_ops,sales_advisory",Treasury & Markets,Treasury Analyst,"forex_ops,data_analytics",3.6,17.0,2,874.16,6.5
STF-00126,Compliance & Risk,Risk Analyst,"credit_risk,aml_compliance,leadership,cybersecurity",Compliance & Risk,Risk Analyst,"leadership,cybersecurity,forex_ops",1.5,13.0,3,571.77,4.3
STF-00127,Private & Wealth,Wealth Advisor,"sales_advisory,wealth_management,customer_service,leadership",Private & Wealth,Relationship Manager,"customer_service,leadership,aml_compliance",11.2,18.0,5,916.29,5.4
STF-00128,Digital & IT,Systems Administrator,"digital_banking,data_analytics,it_support",Digital & IT,IT Support Analyst,"cybersecurity,data_analytics,it_support,wealth_management",6.8,17.0,3,883.47,0.0
STF-00129,Private & Wealth,Relationship Manager,"customer_service,leadership",Digital & IT,Systems Administrator,"data_analytics,cybersecurity,digital_banking,sales_advisory",1.3,19.0,2,553.77,7.0
STF-00130,Digital & IT,Digital Banking Officer,"digital_banking,data_analytics,cybersecurity,it_support",Private & Wealth,Wealth Advisor,"customer_service,leadership,wealth_management",2.9,18.0,2,752.95,7.9
STF-00131,Private & Wealth,Private Banker,"customer_service,leadership,sales_advisory",Private & Wealth,Relationship Manager,"customer_service,wealth_management,leadership",1.9,18.0,3,1088.06,1.0
STF-00132,Compliance & Risk,AML Investigator,"aml_compliance,credit_risk,leadership,cybersecurity",Digital & IT,Digital Banking Officer,"digital_banking,data_analytics,it_support",5.7,14.0,4,769.11,10.5
STF-00133,Retail Banking,Teller,"branch_management,teller_ops,customer_service,sales_advisory",Retail Banking,Branch Officer,"teller_ops,customer_service",4.4,20.0,4,905.71,2.5
STF-00134,Compliance & Risk,Compliance Officer,"credit_risk,aml_compliance,leadership,branch_management",Digital & IT,Digital Banking Officer,"it_support,cybersecurity,data_analytics,forex_ops",4.8,12.0,3,654.82,9.9
STF-00135,Treasury & Markets,FX Dealer,"data_analytics,treasury_ops,credit_risk,forex_ops",Compliance & Risk,Compliance Officer,"leadership,cybersecurity,aml_compliance,customer_service",2.8,22.0,3,527.09,2.9
STF-00136,Treasury & Markets,FX Dealer,"treasury_ops,forex_ops,data_analytics,credit_risk,it_support",Compliance & Risk,AML Investigator,"credit_risk,leadership",4.4,20.0,3,760.96,10.0
STF-00137,Compliance & Risk,Risk Analyst,"aml_compliance,cybersecurity,credit_risk",Compliance & Risk,Risk Analyst,"cybersecurity,leadership,aml_compliance,digital_banking",5.6,18.0,2,830.23,2.2
STF-00138,Digital & IT,Digital Banking Officer,"it_support,data_analytics,wealth_management",Digital & IT,IT Support Analyst,"data_analytics,it_support,cybersecurity",2.0,16.0,4,642.85,9.5
STF-00139,Treasury & Markets,FX Dealer,"forex_ops,data_analytics,treasury_ops,credit_risk",Treasury & Markets,Markets Associate,"credit_risk,data_analytics",11.6,21.0,2,950.64,6.8
STF-00140,Compliance & Risk,Compliance Officer,"credit_risk,aml_compliance",Compliance & Risk,Compliance Officer,"aml_compliance,credit_risk,cybersecurity",1.7,22.0,3,658.13,7.3
STF-00141,Private & Wealth,Relationship Manager,"leadership,customer_service,wealth_management,sales_advisory",Retail Banking,Branch Supervisor,"customer_service,branch_management,treasury_ops",4.6,19.0,3,778.62,4.8
STF-00142,Retail Banking,Branch Officer,"sales_advisory,branch_management,teller_ops,leadership",Retail Banking,Teller,"teller_ops,sales_advisory,customer_service",2.0,15.0,4,869.43,3.8
STF-00143,Treasury & Markets,Markets Associate,"treasury_ops,credit_risk,sales_advisory",Treasury & Markets,Markets Associate,"credit_risk,data_analytics,forex_ops,sales_advisory",9.6,20.0,2,1115.88,9.1
STF-00144,Private & Wealth,Private Banker,"leadership,sales_advisory,wealth_management,customer_service",Retail Banking,Branch Supervisor,"sales_advisory,branch_management,customer_service,credit_risk",5.3,18.0,3,884.39,13.1
STF-00145,Retail Banking,Customer Service Rep,"sales_advisory,teller_ops",Retail Banking,Teller,"teller_ops,branch_management",1.5,18.0,2,740.11,1.9
STF-00146,Retail Banking,Teller,"teller_ops,sales_advisory,customer_service,branch_management",Retail Banking,Customer Service Rep,"teller_ops,sales_advisory,customer_service",0.9,17.0,3,588.63,11.0
STF-00147,Credit & Lending,Loan Officer,"data_analytics,aml_compliance,credit_risk",Digital & IT,IT Support Analyst,"data_analytics,digital_banking,wealth_management",8.1,18.0,3,761.1,7.2
STF-00148,Treasury & Markets,Markets Associate,"credit_risk,treasury_ops,data_analytics,forex_ops,sales_advisory",Treasury & Markets,Markets Associate,"treasury_ops,data_analytics,sales_advisory",6.2,21.0,2,1021.52,5.2
STF-00149,Compliance & Risk,Compliance Officer,"credit_risk,leadership,aml_compliance,cybersecurity",Private & Wealth,Wealth Advisor,"customer_service,sales_advisory,leadership",7.8,13.0,1,772.1,9.0
STF-00150,Digital & IT,Digital Banking Officer,"it_support,data_analytics,treasury_ops",Digital & IT,Systems Administrator,"data_analytics,digital_banking,wealth_management",16.5,6.0,3,857.94,4.3
STF-00151,Retail Banking,Branch Officer,"sales_advisory,customer_service",Retail Banking,Teller,"branch_management,sales_advisory,customer_service",4.2,7.0,2,780.67,5.2
STF-00152,Private & Wealth,Relationship Manager,"customer_service,sales_advisory",Digital & IT,IT Support Analyst,"data_analytics,it_support",10.6,24.0,2,836.24,2.8
STF-00153,Digital & IT,Systems Administrator,"cybersecurity,digital_banking,it_support,branch_management",Compliance & Risk,Compliance Officer,"aml_compliance,credit_risk,sales_advisory",8.5,13.0,3,649.07,7.3
STF-00154,Private & Wealth,Relationship Manager,"customer_service,leadership,wealth_management,sales_advisory",Treasury & Markets,FX Dealer,"credit_risk,forex_ops,data_analytics,treasury_ops",1.6,30.0,2,836.08,9.3
STF-00155,Private & Wealth,Relationship Manager,"wealth_management,customer_service,leadership,sales_advisory,data_analytics",Private & Wealth,Private Banker,"leadership,customer_service,sales_advisory",2.5,20.0,4,928.76,7.5
STF-00156,Digital & IT,IT Support Analyst,"data_analytics,cybersecurity,digital_banking,it_support",Digital & IT,Digital Banking Officer,"it_support,digital_banking,sales_advisory",4.3,16.0,2,821.64,9.6
STF-00157,Digital & IT,IT Support Analyst,"digital_banking,it_support",Retail Banking,Branch Officer,"customer_service,sales_advisory,forex_ops",1.8,22.0,3,891.1,0.0
STF-00158,Retail Banking,Customer Service Rep,"branch_management,teller_ops,customer_service,digital_banking",Retail Banking,Branch Officer,"branch_management,sales_advisory,customer_service",7.2,9.0,2,913.86,7.7
STF-00159,Private & Wealth,Wealth Advisor,"sales_advisory,wealth_management,leadership,customer_service",Private & Wealth,Private Banker,"customer_service,wealth_management,sales_advisory",3.5,20.0,3,690.42,4.3
STF-00160,Treasury & Markets,FX Dealer,"forex_ops,data_analytics",Compliance & Risk,Compliance Officer,"cybersecurity,leadership,aml_compliance,teller_ops",2.7,16.0,2,782.43,5.4
STF-00161,Private & Wealth,Wealth Advisor,"wealth_management,sales_advisory,leadership,customer_service",Compliance & Risk,Compliance Officer,"aml_compliance,leadership,cybersecurity",4.1,12.0,3,757.76,7.5
STF-00162,Credit & Lending,Credit Analyst,"credit_risk,data_analytics,leadership",Digital & IT,Digital Banking Officer,"digital_banking,cybersecurity",2.0,10.0,3,651.87,13.5
STF-00163,Digital & IT,Systems Administrator,"cybersecurity,data_analytics,digital_banking",Digital & IT,Systems Administrator,"cybersecurity,it_support,data_analytics",1.5,12.0,2,661.71,7.1
STF-00164,Compliance & Risk,Risk Analyst,"cybersecurity,credit_risk,leadership",Compliance & Risk,AML Investigator,"credit_risk,leadership,it_support",3.0,33.0,3,722.17,5.3
STF-00165,Digital & IT,Systems Administrator,"data_analytics,it_support",Treasury & Markets,Treasury Analyst,"treasury_ops,data_analytics,leadership",1.2,11.0,3,723.1,8.3
STF-00166,Retail Banking,Teller,"branch_management,customer_service,sales_advisory",Retail Banking,Branch Officer,"sales_advisory,teller_ops",5.6,26.0,3,847.87,1.0
STF-00167,Retail Banking,Customer Service Rep,"teller_ops,branch_management,sales_advisory,customer_service,leadership",Retail Banking,Customer Service Rep,"branch_management,customer_service,sales_advisory",3.0,20.0,4,1116.26,5.8
STF-00168,Digital & IT,Digital Banking Officer,"digital_banking,cybersecurity,it_support,data_analytics",Credit & Lending,Loan Officer,"loan_underwriting,aml_compliance",2.8,15.0,3,716.55,5.4
STF-00169,Compliance & Risk,Risk Analyst,"credit_risk,cybersecurity",Credit & Lending,Underwriter,"data_analytics,credit_risk",3.8,15.0,4,685.87,8.3
STF-00170,Private & Wealth,Wealth Advisor,"leadership,customer_service,sales_advisory",Compliance & Risk,Compliance Officer,"leadership,aml_compliance",5.5,21.0,3,655.14,7.4
STF-00171,Private & Wealth,Private Banker,"wealth_management,customer_service,forex_ops",Private & Wealth,Private Banker,"customer_service,leadership,sales_advisory",1.3,24.0,3,588.94,4.8
STF-00172,Treasury & Markets,FX Dealer,"treasury_ops,data_analytics,sales_advisory",Treasury & Markets,FX Dealer,"data_analytics,treasury_ops",6.1,17.0,3,728.35,1.8
STF-00173,Private & Wealth,Wealth Advisor,"customer_service,leadership",Compliance & Risk,Compliance Officer,"leadership,aml_compliance,sales_advisory",7.1,27.0,4,950.82,7.3
STF-00174,Digital & IT,Digital Banking Officer,"it_support,data_analytics,digital_banking,cybersecurity,leadership",Digital & IT,Digital Banking Officer,"cybersecurity,it_support,digital_banking",8.6,12.0,3,990.3,18.5
STF-00175,Digital & IT,IT Support Analyst,"it_support,data_analytics,treasury_ops",Treasury & Markets,FX Dealer,"treasury_ops,credit_risk,forex_ops,branch_management",6.7,8.0,3,835.62,4.9
STF-00176,Digital & IT,Systems Administrator,"digital_banking,it_support,cybersecurity",Treasury & Markets,Markets Associate,"treasury_ops,data_analytics,forex_ops",10.8,12.0,2,720.74,13.3
STF-00177,Credit & Lending,Loan Officer,"loan_underwriting,data_analytics",Credit & Lending,Loan Officer,"credit_risk,aml_compliance,data_analytics",1.4,15.0,2,861.28,4.6
STF-00178,Credit & Lending,Loan Officer,"loan_underwriting,aml_compliance,wealth_management",Treasury & Markets,Treasury Analyst,"data_analytics,forex_ops,credit_risk",4.2,16.0,4,888.0,8.4
STF-00179,Compliance & Risk,Risk Analyst,"aml_compliance,credit_risk",Compliance & Risk,Risk Analyst,"cybersecurity,credit_risk,branch_management",0.9,22.0,3,588.89,8.3
STF-00180,Treasury & Markets,FX Dealer,"credit_risk,forex_ops,sales_advisory",Treasury & Markets,FX Dealer,"forex_ops,data_analytics",4.5,16.0,3,706.2,8.6
STF-00181,Compliance & Risk,Compliance Officer,"aml_compliance,credit_risk,cybersecurity",Digital & IT,Digital Banking Officer,"it_support,data_analytics,digital_banking,teller_ops",3.3,11.0,4,761.25,7.9
STF-00182,Treasury & Markets,Markets Associate,"treasury_ops,forex_ops,credit_risk,data_analytics",Compliance & Risk,Compliance Officer,"leadership,credit_risk,aml_compliance",3.1,17.0,4,811.94,6.6
STF-00183,Compliance & Risk,Risk Analyst,"credit_risk,cybersecurity,aml_compliance,leadership,digital_banking",Compliance & Risk,Risk Analyst,"cybersecurity,leadership,aml_compliance",2.5,20.0,3,779.5,5.4
STF-00184,Private & Wealth,Relationship Manager,"sales_advisory,leadership,customer_service,wealth_management",Private & Wealth,Wealth Advisor,"leadership,sales_advisory",1.2,17.0,5,750.75,7.1
STF-00185,Treasury & Markets,FX Dealer,"credit_risk,forex_ops,data_analytics",Treasury & Markets,FX Dealer,"treasury_ops,forex_ops,data_analytics",4.9,20.0,3,825.51,6.0
STF-00186,Digital & IT,Digital Banking Officer,"it_support,digital_banking,cybersecurity,data_analytics",Digital & IT,IT Support Analyst,"it_support,digital_banking",3.1,17.0,2,688.52,8.6
STF-00187,Compliance & Risk,AML Investigator,"aml_compliance,leadership,cybersecurity,branch_management",Compliance & Risk,Risk Analyst,"leadership,aml_compliance,cybersecurity",3.0,14.0,3,671.15,10.4
STF-00188,Treasury & Markets,Treasury Analyst,"credit_risk,forex_ops",Treasury & Markets,FX Dealer,"treasury_ops,forex_ops,loan_underwriting",6.1,13.0,4,717.83,10.0
STF-00189,Digital & IT,IT Support Analyst,"it_support,cybersecurity,data_analytics,digital_banking",Digital & IT,Systems Administrator,"cybersecurity,data_analytics,it_support,treasury_ops",13.3,23.0,4,1129.36,6.5
STF-00190,Retail Banking,Branch Supervisor,"sales_advisory,teller_ops",Retail Banking,Teller,"sales_advisory,teller_ops",4.9,21.0,3,883.55,6.1
STF-00191,Private & Wealth,Relationship Manager,"customer_service,leadership",Private & Wealth,Wealth Advisor,"wealth_management,leadership,data_analytics",4.9,15.0,2,825.54,4.3
STF-00192,Compliance & Risk,Compliance Officer,"aml_compliance,credit_risk,cybersecurity,forex_ops",Compliance & Risk,AML Investigator,"aml_compliance,credit_risk,leadership",5.6,20.0,3,839.03,4.8
STF-00193,Compliance & Risk,Compliance Officer,"aml_compliance,leadership,digital_banking",Treasury & Markets,Treasury Analyst,"forex_ops,data_analytics,treasury_ops",1.8,25.0,2,885.92,5.2
STF-00194,Credit & Lending,Credit Analyst,"data_analytics,credit_risk,loan_underwriting",Compliance & Risk,Risk Analyst,"leadership,cybersecurity,aml_compliance,sales_advisory",4.6,20.0,3,713.05,7.3
STF-00195,Treasury & Markets,FX Dealer,"credit_risk,forex_ops",Digital & IT,IT Support Analyst,"data_analytics,it_support,cybersecurity",5.0,13.0,2,721.0,11.0
STF-00196,Digital & IT,Systems Administrator,"it_support,data_analytics,digital_banking,cybersecurity,sales_advisory",Credit & Lending,Credit Analyst,"data_analytics,credit_risk,teller_ops",2.3,26.0,2,896.87,9.9
STF-00197,Compliance & Risk,Risk Analyst,"credit_risk,leadership,aml_compliance",Compliance & Risk,Compliance Officer,"cybersecurity,aml_compliance,teller_ops",7.7,15.0,4,829.47,2.8
STF-00198,Retail Banking,Branch Officer,"customer_service,sales_advisory,teller_ops",Digital & IT,IT Support Analyst,"it_support,data_analytics,digital_banking,wealth_management",1.9,25.0,2,729.22,8.9
STF-00199,Credit & Lending,Underwriter,"credit_risk,aml_compliance,loan_underwriting,data_analytics",Credit & Lending,Underwriter,"credit_risk,aml_compliance,loan_underwriting",3.0,15.0,4,707.66,2.2
STF-00200,Credit & Lending,Credit Analyst,"data_analytics,aml_compliance,loan_underwriting,credit_risk",Compliance & Risk,Risk Analyst,"cybersecurity,leadership",7.2,13.0,2,939.36,6.4
STF-00201,Treasury & Markets,Markets Associate,"treasury_ops,forex_ops,credit_risk,data_analytics,aml_compliance",Digital & IT,IT Support Analyst,"cybersecurity,it_support,data_analytics",3.8,17.0,3,762.87,3.3
STF-00202,Retail Banking,Branch Supervisor,"teller_ops,branch_management,sales_advisory,customer_service,it_support",Retail Banking,Customer Service Rep,"customer_service,branch_management,teller_ops",4.0,9.0,3,700.37,13.6
STF-00203,Private & Wealth,Private Banker,"sales_advisory,customer_service",Retail Banking,Branch Officer,"branch_management,customer_service,teller_ops,loan_underwriting",1.6,18.0,2,635.86,8.2
STF-00204,Private & Wealth,Private Banker,"sales_advisory,leadership,customer_service",Private & Wealth,Private Banker,"customer_service,leadership,wealth_management,forex_ops",2.7,17.0,3,736.77,6.2
STF-00205,Retail Banking,Teller,"branch_management,sales_advisory,teller_ops",Retail Banking,Customer Service Rep,"teller_ops,customer_service",1.3,26.0,3,606.08,0.0
STF-00206,Digital & IT,IT Support Analyst,"data_analytics,it_support",Private & Wealth,Private Banker,"wealth_management,customer_service,sales_advisory",0.9,20.0,3,848.23,3.8
STF-00207,Credit & Lending,Credit Analyst,"credit_risk,aml_compliance",Compliance & Risk,AML Investigator,"aml_compliance,cybersecurity",1.5,23.0,1,704.73,0.0
STF-00208,Digital & IT,Systems Administrator,"data_analytics,digital_banking,cybersecurity,it_support",Private & Wealth,Relationship Manager,"leadership,sales_advisory",7.1,27.0,2,930.17,12.6
STF-00209,Retail Banking,Branch Officer,"customer_service,branch_management,credit_risk",Compliance & Risk,AML Investigator,"aml_compliance,credit_risk,cybersecurity",8.7,19.0,3,971.54,1.7
STF-00210,Retail Banking,Teller,"teller_ops,branch_management,customer_service,cybersecurity",Compliance & Risk,AML Investigator,"leadership,cybersecurity,treasury_ops",9.8,9.0,1,1053.2,6.3
STF-00211,Compliance & Risk,Compliance Officer,"aml_compliance,credit_risk,leadership,cybersecurity",Compliance & Risk,AML Investigator,"cybersecurity,aml_compliance,leadership",3.0,21.0,2,732.25,5.3
STF-00212,Digital & IT,Digital Banking Officer,"cybersecurity,it_support,data_analytics,digital_banking,treasury_ops",Private & Wealth,Wealth Advisor,"leadership,sales_advisory,data_analytics",2.0,21.0,3,921.15,3.4
STF-00213,Private & Wealth,Private Banker,"customer_service,sales_advisory,wealth_management,leadership",Private & Wealth,Wealth Advisor,"customer_service,wealth_management,sales_advisory",2.4,16.0,2,561.91,3.1
STF-00214,Digital & IT,Systems Administrator,"data_analytics,digital_banking,cybersecurity",Private & Wealth,Wealth Advisor,"leadership,sales_advisory,customer_service",3.1,18.0,3,603.34,6.2
STF-00215,Digital & IT,Systems Administrator,"cybersecurity,digital_banking",Digital & IT,Digital Banking Officer,"cybersecurity,digital_banking,it_support",11.8,23.0,2,863.76,2.9
STF-00216,Treasury & Markets,Markets Associate,"data_analytics,treasury_ops,forex_ops",Treasury & Markets,Markets Associate,"data_analytics,forex_ops,treasury_ops",7.5,19.0,4,745.6,8.9
STF-00217,Retail Banking,Teller,"sales_advisory,teller_ops,wealth_management",Private & Wealth,Wealth Advisor,"leadership,sales_advisory,data_analytics",1.6,17.0,3,653.56,7.7
STF-00218,Treasury & Markets,FX Dealer,"data_analytics,treasury_ops",Credit & Lending,Loan Officer,"aml_compliance,credit_risk,treasury_ops",5.6,10.0,2,917.05,5.3
STF-00219,Compliance & Risk,Compliance Officer,"aml_compliance,leadership,cybersecurity",Retail Banking,Teller,"teller_ops,sales_advisory,customer_service,cybersecurity",7.2,25.0,3,703.77,6.3
STF-00220,Retail Banking,Teller,"branch_management,sales_advisory,teller_ops,customer_service,loan_underwriting",Private & Wealth,Wealth Advisor,"leadership,sales_advisory",3.5,19.0,3,848.42,4.2
STF-00221,Credit & Lending,Loan Officer,"credit_risk,loan_underwriting,teller_ops",Credit & Lending,Underwriter,"credit_risk,loan_underwriting,data_analytics",9.3,11.0,3,999.78,5.0
STF-00222,Retail Banking,Teller,"branch_management,sales_advisory,customer_service,credit_risk",Retail Banking,Branch Supervisor,"branch_management,customer_service",0.5,18.0,2,716.44,14.3
STF-00223,Compliance & Risk,AML Investigator,"aml_compliance,cybersecurity,credit_risk,leadership,branch_management",Compliance & Risk,Compliance Officer,"leadership,credit_risk,cybersecurity,wealth_management",1.7,10.0,3,670.95,0.0
STF-00224,Compliance & Risk,Risk Analyst,"leadership,cybersecurity,credit_risk",Digital & IT,IT Support Analyst,"it_support,digital_banking",4.8,21.0,3,749.57,12.9
STF-00225,Retail Banking,Teller,"branch_management,sales_advisory,customer_service",Credit & Lending,Underwriter,"loan_underwriting,data_analytics,aml_compliance",4.9,12.0,3,813.09,5.3
STF-00226,Treasury & Markets,FX Dealer,"treasury_ops,data_analytics,forex_ops",Treasury & Markets,FX Dealer,"forex_ops,credit_risk,data_analytics",2.8,19.0,2,450.85,12.3
STF-00227,Retail Banking,Branch Officer,"branch_management,sales_advisory,wealth_management",Retail Banking,Customer Service Rep,"sales_advisory,customer_service,branch_management,loan_underwriting",2.6,19.0,2,683.64,4.7
STF-00228,Treasury & Markets,FX Dealer,"treasury_ops,forex_ops,data_analytics,credit_risk",Treasury & Markets,Treasury Analyst,"forex_ops,treasury_ops,data_analytics",2.7,21.0,5,668.97,8.0
STF-00229,Private & Wealth,Private Banker,"sales_advisory,customer_service,leadership,wealth_management",Compliance & Risk,Risk Analyst,"cybersecurity,aml_compliance,credit_risk",6.3,26.0,4,797.49,3.6
STF-00230,Compliance & Risk,Compliance Officer,"leadership,aml_compliance,cybersecurity,credit_risk,loan_underwriting",Digital & IT,IT Support Analyst,"cybersecurity,data_analytics,digital_banking",7.5,22.0,1,965.17,7.0
STF-00231,Treasury & Markets,Markets Associate,"data_analytics,credit_risk,treasury_ops",Treasury & Markets,Markets Associate,"forex_ops,treasury_ops,data_analytics",10.4,22.0,2,1019.81,6.6
STF-00232,Credit & Lending,Underwriter,"credit_risk,data_analytics,aml_compliance,loan_underwriting,cybersecurity",Credit & Lending,Underwriter,"loan_underwriting,data_analytics",9.5,16.0,3,746.9,12.8
STF-00233,Retail Banking,Branch Supervisor,"customer_service,sales_advisory,branch_management",Digital & IT,Digital Banking Officer,"it_support,cybersecurity,digital_banking",13.8,19.0,3,985.51,9.1
STF-00234,Treasury & Markets,Treasury Analyst,"data_analytics,treasury_ops,forex_ops,credit_risk",Treasury & Markets,FX Dealer,"treasury_ops,data_analytics,cybersecurity",8.9,9.0,3,1046.52,9.8
STF-00235,Treasury & Markets,FX Dealer,"treasury_ops,data_analytics",Compliance & Risk,Compliance Officer,"leadership,cybersecurity",13.3,19.0,2,825.04,8.0
STF-00236,Compliance & Risk,Compliance Officer,"credit_risk,leadership",Compliance & Risk,Risk Analyst,"aml_compliance,leadership",3.1,23.0,2,778.43,11.1
STF-00237,Private & Wealth,Wealth Advisor,"wealth_management,customer_service,sales_advisory,leadership,credit_risk",Private & Wealth,Wealth Advisor,"sales_advisory,wealth_management,customer_service",0.3,12.0,2,537.11,9.7
STF-00238,Compliance & Risk,Compliance Officer,"leadership,aml_compliance,cybersecurity,credit_risk,data_analytics",Compliance & Risk,AML Investigator,"aml_compliance,cybersecurity",8.6,16.0,2,917.05,8.5
STF-00239,Private & Wealth,Wealth Advisor,"sales_advisory,customer_service,forex_ops",Private & Wealth,Relationship Manager,"customer_service,leadership,sales_advisory,data_analytics",12.9,15.0,3,929.29,2.4
STF-00240,Credit & Lending,Lending Manager,"aml_compliance,credit_risk",Private & Wealth,Relationship Manager,"customer_service,leadership",4.0,20.0,2,850.65,2.7
STF-00241,Retail Banking,Branch Officer,"sales_advisory,teller_ops,branch_management,customer_service",Digital & IT,IT Support Analyst,"it_support,data_analytics,cybersecurity",1.4,21.0,2,862.61,4.3
STF-00242,Credit & Lending,Lending Manager,"credit_risk,loan_underwriting",Compliance & Risk,AML Investigator,"leadership,aml_compliance,credit_risk",7.2,21.0,3,802.7,2.7
STF-00243,Private & Wealth,Wealth Advisor,"customer_service,sales_advisory,cybersecurity",Treasury & Markets,Markets Associate,"data_analytics,treasury_ops,credit_risk",2.3,26.0,3,795.66,2.1
STF-00244,Credit & Lending,Loan Officer,"loan_underwriting,data_analytics,customer_service",Credit & Lending,Underwriter,"loan_underwriting,data_analytics,credit_risk",3.3,17.0,3,656.39,5.1
STF-00245,Retail Banking,Branch Supervisor,"teller_ops,customer_service,branch_management,sales_advisory,treasury_ops",Treasury & Markets,Treasury Analyst,"treasury_ops,forex_ops,it_support",7.1,19.0,4,837.59,7.3
STF-00246,Treasury & Markets,Treasury Analyst,"credit_risk,treasury_ops,forex_ops",Treasury & Markets,Markets Associate,"treasury_ops,data_analytics,loan_underwriting",5.6,13.0,2,776.89,1.6
STF-00247,Digital & IT,Systems Administrator,"it_support,digital_banking,data_analytics",Private & Wealth,Private Banker,"leadership,wealth_management,data_analytics",7.1,14.0,3,769.79,10.4
STF-00248,Treasury & Markets,Treasury Analyst,"forex_ops,treasury_ops",Digital & IT,Systems Administrator,"data_analytics,digital_banking,it_support",10.7,13.0,3,796.13,1.7
STF-00249,Compliance & Risk,AML Investigator,"aml_compliance,leadership,cybersecurity,credit_risk",Private & Wealth,Relationship Manager,"customer_service,sales_advisory,wealth_management",1.4,14.0,3,484.1,4.5
STF-00250,Private & Wealth,Private Banker,"sales_advisory,customer_service,wealth_management,leadership,it_support",Private & Wealth,Wealth Advisor,"customer_service,leadership",3.1,17.0,3,669.33,2.0
STF-00251,Retail Banking,Branch Supervisor,"teller_ops,branch_management,customer_service",Retail Banking,Branch Officer,"customer_service,branch_management,credit_risk",13.3,14.0,2,1045.05,7.3
STF-00252,Retail Banking,Teller,"branch_management,teller_ops",Digital & IT,Digital Banking Officer,"digital_banking,cybersecurity,forex_ops",4.7,15.0,3,668.99,9.5
STF-00253,Private & Wealth,Wealth Advisor,"leadership,wealth_management",Private & Wealth,Wealth Advisor,"sales_advisory,wealth_management,customer_service",8.9,21.0,3,874.61,2.1
STF-00254,Digital & IT,Systems Administrator,"digital_banking,it_support,data_analytics,treasury_ops",Digital & IT,Digital Banking Officer,"cybersecurity,it_support,data_analytics",9.9,17.0,2,747.84,7.5
STF-00255,Compliance & Risk,Compliance Officer,"leadership,cybersecurity,credit_risk,aml_compliance",Compliance & Risk,Risk Analyst,"cybersecurity,leadership,treasury_ops",4.0,25.0,2,606.39,12.8
STF-00256,Treasury & Markets,Markets Associate,"treasury_ops,credit_risk,digital_banking",Digital & IT,Digital Banking Officer,"it_support,digital_banking,forex_ops",3.6,21.0,4,830.43,5.1
STF-00257,Treasury & Markets,FX Dealer,"credit_risk,forex_ops,treasury_ops",Treasury & Markets,FX Dealer,"treasury_ops,data_analytics,forex_ops",1.1,28.0,3,661.4,7.6
STF-00258,Retail Banking,Branch Supervisor,"teller_ops,branch_management,sales_advisory,customer_service",Retail Banking,Customer Service Rep,"branch_management,customer_service",2.6,21.0,3,741.2,7.0
STF-00259,Treasury & Markets,FX Dealer,"treasury_ops,data_analytics,credit_risk,forex_ops",Private & Wealth,Relationship Manager,"leadership,wealth_management",9.8,26.0,4,914.39,2.4
STF-00260,Digital & IT,IT Support Analyst,"digital_banking,data_analytics,cybersecurity",Digital & IT,Digital Banking Officer,"digital_banking,cybersecurity",6.5,14.0,2,780.82,1.8
STF-00261,Retail Banking,Branch Supervisor,"sales_advisory,customer_service",Retail Banking,Customer Service Rep,"sales_advisory,branch_management,data_analytics",4.0,14.0,3,821.48,11.3
STF-00262,Treasury & Markets,FX Dealer,"forex_ops,treasury_ops,credit_risk,data_analytics,wealth_management",Treasury & Markets,Treasury Analyst,"treasury_ops,data_analytics",2.4,15.0,3,765.5,6.4
STF-00263,Treasury & Markets,Treasury Analyst,"forex_ops,treasury_ops",Digital & IT,Digital Banking Officer,"digital_banking,data_analytics,it_support",7.4,21.0,4,617.52,15.0
STF-00264,Treasury & Markets,Markets Associate,"treasury_ops,data_analytics,customer_service",Treasury & Markets,Treasury Analyst,"forex_ops,treasury_ops",2.3,28.0,4,700.37,13.4
STF-00265,Compliance & Risk,Risk Analyst,"leadership,cybersecurity,credit_risk",Compliance & Risk,AML Investigator,"aml_compliance,cybersecurity",4.9,18.0,3,903.82,7.6
STF-00266,Compliance & Risk,Risk Analyst,"aml_compliance,cybersecurity,branch_management",Private & Wealth,Private Banker,"wealth_management,sales_advisory,leadership,digital_banking",3.6,13.0,3,639.89,14.7
STF-00267,Private & Wealth,Wealth Advisor,"customer_service,leadership,branch_management",Credit & Lending,Lending Manager,"loan_underwriting,credit_risk,branch_management",6.3,18.0,3,722.92,15.9
STF-00268,Treasury & Markets,FX Dealer,"credit_risk,treasury_ops",Compliance & Risk,AML Investigator,"cybersecurity,credit_risk,aml_compliance",9.7,20.0,3,1192.7,0.0
STF-00269,Private & Wealth,Wealth Advisor,"customer_service,sales_advisory",Credit & Lending,Loan Officer,"data_analytics,aml_compliance,credit_risk",5.4,18.0,1,746.56,12.6
STF-00270,Digital & IT,IT Support Analyst,"cybersecurity,digital_banking,forex_ops",Digital & IT,Systems Administrator,"cybersecurity,it_support,digital_banking",5.4,14.0,2,808.84,5.7
STF-00271,Private & Wealth,Wealth Advisor,"sales_advisory,leadership,wealth_management,credit_risk",Compliance & Risk,Risk Analyst,"aml_compliance,cybersecurity,leadership",2.6,14.0,3,1044.84,6.6
STF-00272,Credit & Lending,Underwriter,"aml_compliance,data_analytics,credit_risk,cybersecurity",Credit & Lending,Loan Officer,"aml_compliance,loan_underwriting,credit_risk,digital_banking",7.9,16.0,5,931.58,17.3
STF-00273,Treasury & Markets,FX Dealer,"credit_risk,treasury_ops,forex_ops,data_analytics",Compliance & Risk,AML Investigator,"aml_compliance,leadership,cybersecurity",2.8,14.0,3,610.09,1.4
STF-00274,Credit & Lending,Lending Manager,"credit_risk,loan_underwriting,data_analytics,aml_compliance",Credit & Lending,Credit Analyst,"loan_underwriting,credit_risk",3.9,14.0,3,823.54,3.2
STF-00275,Treasury & Markets,Markets Associate,"credit_risk,data_analytics",Retail Banking,Branch Supervisor,"sales_advisory,customer_service",1.9,14.0,3,861.48,5.8
STF-00276,Digital & IT,IT Support Analyst,"it_support,cybersecurity,digital_banking,data_analytics",Treasury & Markets,FX Dealer,"data_analytics,forex_ops,wealth_management",1.0,16.0,2,801.58,5.3
STF-00277,Credit & Lending,Underwriter,"data_analytics,loan_underwriting,aml_compliance,credit_risk,leadership",Compliance & Risk,Compliance Officer,"cybersecurity,leadership,branch_management",2.2,20.0,2,920.56,9.2
STF-00278,Credit & Lending,Loan Officer,"loan_underwriting,data_analytics,aml_compliance,cybersecurity",Credit & Lending,Underwriter,"aml_compliance,data_analytics,treasury_ops",4.7,18.0,1,981.8,7.2
STF-00279,Digital & IT,IT Support Analyst,"digital_banking,it_support,cybersecurity",Credit & Lending,Underwriter,"credit_risk,data_analytics,aml_compliance",3.4,19.0,3,736.54,7.9
STF-00280,Retail Banking,Branch Officer,"branch_management,customer_service",Retail Banking,Branch Supervisor,"customer_service,teller_ops,sales_advisory,branch_management",2.8,18.0,2,708.13,9.9
STF-00281,Compliance & Risk,AML Investigator,"cybersecurity,credit_risk,leadership,aml_compliance",Private & Wealth,Relationship Manager,"customer_service,sales_advisory,aml_compliance",1.2,22.0,4,727.5,7.1
STF-00282,Private & Wealth,Private Banker,"wealth_management,customer_service,sales_advisory",Credit & Lending,Underwriter,"loan_underwriting,credit_risk",6.3,13.0,2,691.13,6.4
STF-00283,Retail Banking,Branch Supervisor,"customer_service,branch_management,sales_advisory,teller_ops",Retail Banking,Branch Supervisor,"sales_advisory,branch_management,customer_service",2.5,17.0,4,641.58,8.4
STF-00284,Compliance & Risk,AML Investigator,"aml_compliance,leadership,cybersecurity",Compliance & Risk,Risk Analyst,"leadership,aml_compliance,loan_underwriting",4.7,18.0,2,727.25,16.0
STF-00285,Retail Banking,Branch Supervisor,"sales_advisory,teller_ops,customer_service,branch_management",Private & Wealth,Wealth Advisor,"leadership,wealth_management,teller_ops",4.0,17.0,4,740.61,0.0
STF-00286,Treasury & Markets,Treasury Analyst,"forex_ops,credit_risk,leadership",Treasury & Markets,FX Dealer,"treasury_ops,credit_risk",7.8,21.0,3,907.9,9.1
STF-00287,Credit & Lending,Underwriter,"aml_compliance,loan_underwriting,credit_risk,cybersecurity",Treasury & Markets,Markets Associate,"data_analytics,credit_risk,forex_ops",3.9,16.0,3,705.45,3.7
STF-00288,Private & Wealth,Wealth Advisor,"wealth_management,sales_advisory,customer_service,leadership,treasury_ops",Private & Wealth,Wealth Advisor,"wealth_management,customer_service,leadership",3.1,22.0,4,798.54,4.6
STF-00289,Credit & Lending,Credit Analyst,"aml_compliance,data_analytics,loan_underwriting,credit_risk",Digital & IT,Digital Banking Officer,"it_support,digital_banking,cybersecurity,branch_management",8.5,10.0,2,764.76,2.0
STF-00290,Digital & IT,Digital Banking Officer,"it_support,data_analytics,cybersecurity,forex_ops",Treasury & Markets,Markets Associate,"forex_ops,credit_risk,customer_service",8.0,15.0,3,805.59,3.8
STF-00291,Retail Banking,Teller,"sales_advisory,customer_service,branch_management,wealth_management",Digital & IT,IT Support Analyst,"it_support,digital_banking,branch_management",2.4,9.0,4,1009.86,0.0
STF-00292,Compliance & Risk,Compliance Officer,"leadership,credit_risk,aml_compliance,cybersecurity",Credit & Lending,Credit Analyst,"loan_underwriting,data_analytics,aml_compliance,treasury_ops",1.8,26.0,3,713.4,13.8
STF-00293,Retail Banking,Teller,"branch_management,sales_advisory,teller_ops,customer_service,treasury_ops",Retail Banking,Branch Supervisor,"customer_service,sales_advisory,teller_ops",0.5,19.0,4,363.42,6.4
STF-00294,Private & Wealth,Relationship Manager,"wealth_management,sales_advisory,leadership",Private & Wealth,Wealth Advisor,"leadership,customer_service,cybersecurity",3.2,20.0,3,831.9,7.5
STF-00295,Private & Wealth,Private Banker,"leadership,customer_service,wealth_management,forex_ops",Private & Wealth,Relationship Manager,"leadership,customer_service",2.6,17.0,3,729.34,5.1
STF-00296,Treasury & Markets,FX Dealer,"credit_risk,forex_ops,treasury_ops,data_analytics",Digital & IT,Systems Administrator,"it_support,data_analytics,loan_underwriting",5.0,23.0,2,816.83,5.5
STF-00297,Digital & IT,Systems Administrator,"digital_banking,cybersecurity,data_analytics,it_support",Digital & IT,Digital Banking Officer,"digital_banking,cybersecurity",7.5,15.0,3,901.71,10.2
STF-00298,Private & Wealth,Relationship Manager,"wealth_management,leadership,customer_service,digital_banking",Private & Wealth,Private Banker,"sales_advisory,customer_service,leadership",6.1,17.0,3,735.11,3.8
STF-00299,Digital & IT,IT Support Analyst,"data_analytics,it_support,cybersecurity,digital_banking",Compliance & Risk,AML Investigator,"leadership,credit_risk,aml_compliance",6.8,19.0,5,918.89,10.4
STF-00300,Compliance & Risk,Compliance Officer,"cybersecurity,leadership,credit_risk",Treasury & Markets,FX Dealer,"data_analytics,credit_risk",7.3,17.0,3,927.44,8.7
STF-00301,Credit & Lending,Lending Manager,"loan_underwriting,data_analytics,it_support",Retail Banking,Customer Service Rep,"sales_advisory,branch_management,teller_ops,forex_ops",5.3,19.0,4,844.19,4.2
STF-00302,Retail Banking,Teller,"customer_service,branch_management,it_support",Retail Banking,Branch Officer,"teller_ops,branch_management",7.1,14.0,3,1022.16,1.1
STF-00303,Retail Banking,Branch Officer,"branch_management,customer_service,sales_advisory,teller_ops,wealth_management",Compliance & Risk,Risk Analyst,"cybersecurity,aml_compliance",6.7,23.0,3,775.21,8.0
STF-00304,Treasury & Markets,FX Dealer,"forex_ops,credit_risk",Treasury & Markets,FX Dealer,"forex_ops,credit_risk,treasury_ops,leadership",1.3,12.0,4,641.25,6.6
STF-00305,Treasury & Markets,Treasury Analyst,"credit_risk,data_analytics,treasury_ops",Private & Wealth,Private Banker,"leadership,sales_advisory,teller_ops",9.5,19.0,4,1031.49,1.6
STF-00306,Treasury & Markets,FX Dealer,"forex_ops,data_analytics,credit_risk,treasury_ops",Treasury & Markets,Treasury Analyst,"treasury_ops,data_analytics,teller_ops",7.3,17.0,3,1107.69,4.5
STF-00307,Private & Wealth,Relationship Manager,"leadership,customer_service,wealth_management,data_analytics",Private & Wealth,Relationship Manager,"customer_service,wealth_management,leadership,forex_ops",6.5,20.0,2,838.82,9.2
STF-00308,Retail Banking,Teller,"branch_management,customer_service,sales_advisory",Retail Banking,Branch Supervisor,"sales_advisory,branch_management,teller_ops",2.6,10.0,2,728.49,3.4
STF-00309,Private & Wealth,Wealth Advisor,"wealth_management,customer_service",Private & Wealth,Private Banker,"sales_advisory,wealth_management,loan_underwriting",6.5,9.0,3,828.9,10.9
STF-00310,Credit & Lending,Credit Analyst,"credit_risk,loan_underwriting,aml_compliance,forex_ops",Credit & Lending,Underwriter,"data_analytics,loan_underwriting,aml_compliance",4.1,22.0,3,909.72,5.1
STF-00311,Credit & Lending,Underwriter,"loan_underwriting,aml_compliance,data_analytics,credit_risk,branch_management",Credit & Lending,Lending Manager,"data_analytics,credit_risk,aml_compliance,wealth_management",8.0,14.0,2,1004.38,6.6
STF-00312,Digital & IT,IT Support Analyst,"digital_banking,cybersecurity,it_support,data_analytics",Retail Banking,Customer Service Rep,"customer_service,branch_management",6.1,13.0,2,790.16,13.3
STF-00313,Private & Wealth,Relationship Manager,"sales_advisory,leadership,wealth_management,customer_service",Private & Wealth,Wealth Advisor,"sales_advisory,leadership,customer_service",11.0,22.0,3,1118.96,0.4
STF-00314,Compliance & Risk,Compliance Officer,"aml_compliance,cybersecurity,leadership",Compliance & Risk,AML Investigator,"leadership,aml_compliance,cybersecurity",4.1,26.0,2,642.98,5.8
STF-00315,Retail Banking,Teller,"teller_ops,branch_management,customer_service,aml_compliance",Retail Banking,Branch Supervisor,"teller_ops,branch_management",2.4,17.0,3,488.45,2.5
STF-00316,Retail Banking,Branch Officer,"branch_management,customer_service",Compliance & Risk,AML Investigator,"aml_compliance,leadership,cybersecurity,it_support",3.6,16.0,3,772.5,7.7
STF-00317,Retail Banking,Branch Supervisor,"branch_management,customer_service,it_support",Compliance & Risk,Compliance Officer,"leadership,credit_risk,forex_ops",2.7,18.0,2,788.6,7.6
STF-00318,Retail Banking,Teller,"customer_service,branch_management,sales_advisory,teller_ops,data_analytics",Compliance & Risk,AML Investigator,"credit_risk,aml_compliance,cybersecurity,loan_underwriting",5.4,19.0,4,854.01,2.7
STF-00319,Retail Banking,Branch Supervisor,"branch_management,sales_advisory,teller_ops",Retail Banking,Teller,"customer_service,branch_management",5.5,10.0,4,712.57,0.0
STF-00320,Compliance & Risk,Compliance Officer,"aml_compliance,cybersecurity,credit_risk",Retail Banking,Branch Officer,"teller_ops,sales_advisory,customer_service,wealth_management",4.6,21.0,2,918.71,3.3
STF-00321,Private & Wealth,Wealth Advisor,"customer_service,wealth_management,aml_compliance",Treasury & Markets,Markets Associate,"treasury_ops,data_analytics,forex_ops",7.0,19.0,3,659.28,0.5
STF-00322,Private & Wealth,Wealth Advisor,"leadership,sales_advisory,customer_service,wealth_management",Private & Wealth,Wealth Advisor,"leadership,wealth_management,cybersecurity",1.2,19.0,3,685.52,4.6
STF-00323,Credit & Lending,Loan Officer,"data_analytics,loan_underwriting,aml_compliance",Credit & Lending,Lending Manager,"credit_risk,loan_underwriting,aml_compliance",5.0,15.0,1,772.62,4.7
STF-00324,Private & Wealth,Relationship Manager,"leadership,wealth_management,sales_advisory,teller_ops",Compliance & Risk,Risk Analyst,"leadership,credit_risk",4.8,17.0,2,659.83,0.0
STF-00325,Credit & Lending,Lending Manager,"data_analytics,loan_underwriting,digital_banking",Credit & Lending,Credit Analyst,"aml_compliance,data_analytics",4.5,21.0,3,742.55,10.4
STF-00326,Retail Banking,Branch Supervisor,"sales_advisory,teller_ops,customer_service,branch_management,wealth_management",Retail Banking,Customer Service Rep,"teller_ops,branch_management,digital_banking",3.1,17.0,4,791.22,0.0
STF-00327,Digital & IT,Digital Banking Officer,"cybersecurity,data_analytics,it_support,digital_banking,customer_service",Digital & IT,Digital Banking Officer,"digital_banking,it_support",2.7,10.0,2,767.37,4.9
STF-00328,Treasury & Markets,FX Dealer,"credit_risk,forex_ops,data_analytics,treasury_ops,branch_management",Treasury & Markets,Markets Associate,"credit_risk,forex_ops,it_support",5.1,18.0,2,805.44,3.6
STF-00329,Private & Wealth,Relationship Manager,"wealth_management,customer_service,leadership,sales_advisory,forex_ops",Private & Wealth,Wealth Advisor,"customer_service,leadership",1.7,26.0,3,617.35,4.3
STF-00330,Treasury & Markets,Markets Associate,"credit_risk,data_analytics,forex_ops,treasury_ops",Treasury & Markets,Treasury Analyst,"treasury_ops,forex_ops,credit_risk,wealth_management",6.0,18.0,2,665.59,8.7
STF-00331,Compliance & Risk,AML Investigator,"leadership,aml_compliance,credit_risk,cybersecurity",Compliance & Risk,AML Investigator,"aml_compliance,credit_risk,leadership,forex_ops",6.4,22.0,4,828.96,0.9
STF-00332,Credit & Lending,Credit Analyst,"loan_underwriting,credit_risk,aml_compliance,data_analytics",Compliance & Risk,AML Investigator,"cybersecurity,aml_compliance,leadership",4.9,19.0,3,878.35,5.7
STF-00333,Digital & IT,IT Support Analyst,"it_support,digital_banking,cybersecurity,data_analytics",Retail Banking,Branch Supervisor,"teller_ops,branch_management,customer_service,data_analytics",2.0,25.0,3,805.7,10.8
STF-00334,Private & Wealth,Relationship Manager,"wealth_management,leadership,customer_service,cybersecurity",Treasury & Markets,Markets Associate,"data_analytics,forex_ops,credit_risk",9.6,14.0,3,1017.21,5.8
STF-00335,Digital & IT,IT Support Analyst,"data_analytics,it_support,digital_banking,cybersecurity",Private & Wealth,Wealth Advisor,"wealth_management,customer_service,treasury_ops",6.0,20.0,3,1141.27,10.3
STF-00336,Retail Banking,Customer Service Rep,"teller_ops,sales_advisory,customer_service,loan_underwriting",Compliance & Risk,Compliance Officer,"leadership,cybersecurity,forex_ops",5.3,16.0,2,537.81,1.1
STF-00337,Digital & IT,IT Support Analyst,"it_support,cybersecurity",Digital & IT,Systems Administrator,"cybersecurity,digital_banking,teller_ops",8.9,17.0,3,719.59,10.2
STF-00338,Treasury & Markets,Markets Associate,"data_analytics,forex_ops,credit_risk",Digital & IT,Systems Administrator,"it_support,digital_banking,data_analytics",5.9,25.0,3,749.7,6.4
STF-00339,Private & Wealth,Wealth Advisor,"wealth_management,sales_advisory,leadership,customer_service",Treasury & Markets,Treasury Analyst,"data_analytics,treasury_ops",7.8,9.0,3,735.18,9.2
STF-00340,Compliance & Risk,AML Investigator,"credit_risk,leadership,cybersecurity",Compliance & Risk,Compliance Officer,"leadership,credit_risk,aml_compliance,wealth_management",5.2,18.0,4,757.6,8.9
STF-00341,Private & Wealth,Wealth Advisor,"wealth_management,sales_advisory,customer_service",Private & Wealth,Relationship Manager,"customer_service,wealth_management,leadership",5.4,12.0,3,830.32,9.3
STF-00342,Compliance & Risk,Risk Analyst,"aml_compliance,credit_risk,cybersecurity,leadership,forex_ops",Compliance & Risk,Compliance Officer,"cybersecurity,credit_risk,aml_compliance",6.6,21.0,2,812.9,12.2
STF-00343,Retail Banking,Branch Officer,"branch_management,sales_advisory,customer_service,teller_ops",Retail Banking,Branch Supervisor,"branch_management,teller_ops",8.8,18.0,4,891.9,8.5
STF-00344,Compliance & Risk,Compliance Officer,"aml_compliance,credit_risk",Treasury & Markets,FX Dealer,"data_analytics,treasury_ops",3.3,18.0,4,792.7,7.0
STF-00345,Compliance & Risk,AML Investigator,"credit_risk,cybersecurity,aml_compliance,forex_ops",Digital & IT,Systems Administrator,"data_analytics,it_support,cybersecurity,sales_advisory",4.4,15.0,3,797.72,4.9
STF-00346,Compliance & Risk,AML Investigator,"credit_risk,cybersecurity",Compliance & Risk,AML Investigator,"leadership,cybersecurity,teller_ops",3.7,23.0,2,856.32,0.0
STF-00347,Digital & IT,IT Support Analyst,"data_analytics,it_support,leadership",Digital & IT,IT Support Analyst,"data_analytics,digital_banking",5.8,14.0,2,859.37,10.1
STF-00348,Credit & Lending,Loan Officer,"data_analytics,loan_underwriting,credit_risk,branch_management",Credit & Lending,Credit Analyst,"credit_risk,data_analytics",3.0,16.0,2,816.35,9.4
STF-00349,Retail Banking,Teller,"sales_advisory,customer_service,data_analytics",Treasury & Markets,Treasury Analyst,"credit_risk,data_analytics",7.5,16.0,2,868.23,11.5
STF-00350,Private & Wealth,Wealth Advisor,"leadership,sales_advisory",Private & Wealth,Wealth Advisor,"sales_advisory,customer_service,wealth_management",1.7,9.0,3,788.83,8.6
STF-00351,Compliance & Risk,Risk Analyst,"cybersecurity,aml_compliance,leadership",Compliance & Risk,Risk Analyst,"leadership,credit_risk,aml_compliance",5.0,23.0,2,733.15,7.1
STF-00352,Retail Banking,Branch Supervisor,"customer_service,sales_advisory,leadership",Retail Banking,Branch Officer,"teller_ops,branch_management,sales_advisory",3.7,15.0,2,839.8,2.6
STF-00353,Private & Wealth,Private Banker,"wealth_management,sales_advisory,customer_service,forex_ops",Private & Wealth,Wealth Advisor,"wealth_management,customer_service,sales_advisory",6.6,19.0,2,784.17,7.2
STF-00354,Credit & Lending,Lending Manager,"credit_risk,loan_underwriting,branch_management",Credit & Lending,Credit Analyst,"credit_risk,loan_underwriting",15.0,18.0,2,1097.57,5.3
STF-00355,Credit & Lending,Credit Analyst,"loan_underwriting,aml_compliance",Credit & Lending,Underwriter,"aml_compliance,loan_underwriting,data_analytics,credit_risk",8.0,22.0,2,967.9,11.2
STF-00356,Compliance & Risk,Compliance Officer,"credit_risk,cybersecurity,aml_compliance,treasury_ops",Private & Wealth,Wealth Advisor,"wealth_management,customer_service,leadership",2.8,18.0,4,580.67,8.4
STF-00357,Credit & Lending,Credit Analyst,"loan_underwriting,aml_compliance,data_analytics,credit_risk",Treasury & Markets,Treasury Analyst,"data_analytics,credit_risk,forex_ops,it_support",2.5,16.0,4,692.21,6.3
STF-00358,Treasury & Markets,Treasury Analyst,"data_analytics,credit_risk",Retail Banking,Branch Officer,"sales_advisory,teller_ops,customer_service",7.1,21.0,4,871.5,6.1
STF-00359,Credit & Lending,Credit Analyst,"aml_compliance,loan_underwriting,credit_risk,data_analytics",Credit & Lending,Lending Manager,"credit_risk,aml_compliance,wealth_management",3.2,26.0,3,614.17,5.7
STF-00360,Retail Banking,Branch Officer,"customer_service,branch_management",Digital & IT,IT Support Analyst,"it_support,data_analytics,cybersecurity,wealth_management",9.0,23.0,2,815.24,3.9
STF-00361,Retail Banking,Branch Officer,"teller_ops,sales_advisory,it_support",Retail Banking,Branch Supervisor,"teller_ops,sales_advisory,aml_compliance",2.1,21.0,3,438.35,0.0
STF-00362,Private & Wealth,Wealth Advisor,"leadership,customer_service,sales_advisory,wealth_management",Compliance & Risk,Risk Analyst,"credit_risk,cybersecurity,aml_compliance,teller_ops",4.3,13.0,4,896.65,8.3
STF-00363,Retail Banking,Customer Service Rep,"branch_management,sales_advisory,digital_banking",Retail Banking,Customer Service Rep,"branch_management,customer_service,aml_compliance",0.3,26.0,3,723.84,2.7
STF-00364,Compliance & Risk,Risk Analyst,"credit_risk,cybersecurity,aml_compliance,loan_underwriting",Compliance & Risk,Compliance Officer,"aml_compliance,cybersecurity,credit_risk,digital_banking",7.2,19.0,3,674.04,14.7
STF-00365,Compliance & Risk,Risk Analyst,"credit_risk,aml_compliance,cybersecurity,leadership",Private & Wealth,Private Banker,"customer_service,leadership,wealth_management",1.5,22.0,3,579.91,1.4
STF-00366,Retail Banking,Branch Supervisor,"customer_service,branch_management",Retail Banking,Branch Officer,"branch_management,customer_service,teller_ops,forex_ops",1.5,15.0,2,561.97,8.7
STF-00367,Digital & IT,IT Support Analyst,"it_support,cybersecurity,digital_banking,loan_underwriting",Retail Banking,Customer Service Rep,"teller_ops,branch_management",4.0,22.0,2,537.12,3.3
STF-00368,Treasury & Markets,Markets Associate,"treasury_ops,forex_ops,data_analytics,credit_risk,teller_ops",Retail Banking,Branch Officer,"sales_advisory,customer_service,branch_management,credit_risk",2.5,16.0,3,954.39,5.3
STF-00369,Treasury & Markets,Markets Associate,"credit_risk,forex_ops",Credit & Lending,Credit Analyst,"data_analytics,credit_risk,aml_compliance,it_support",4.8,18.0,3,960.48,9.8
STF-00370,Retail Banking,Branch Officer,"teller_ops,customer_service,it_support",Retail Banking,Teller,"teller_ops,customer_service,branch_management",2.6,25.0,4,705.14,1.6
STF-00371,Retail Banking,Customer Service Rep,"customer_service,branch_management,teller_ops,cybersecurity",Digital & IT,Systems Administrator,"digital_banking,data_analytics,cybersecurity",13.1,17.0,3,886.72,9.9
STF-00372,Treasury & Markets,Markets Associate,"data_analytics,treasury_ops,forex_ops",Treasury & Markets,FX Dealer,"credit_risk,forex_ops,treasury_ops,branch_management",5.6,15.0,2,777.49,2.9
STF-00373,Compliance & Risk,Risk Analyst,"cybersecurity,aml_compliance,credit_risk",Retail Banking,Customer Service Rep,"customer_service,branch_management,teller_ops",2.1,20.0,4,647.51,7.2
STF-00374,Private & Wealth,Private Banker,"leadership,customer_service",Digital & IT,Digital Banking Officer,"cybersecurity,it_support,data_analytics,aml_compliance",2.3,21.0,3,800.28,3.1
STF-00375,Treasury & Markets,FX Dealer,"treasury_ops,forex_ops",Treasury & Markets,FX Dealer,"data_analytics,forex_ops",3.6,13.0,3,554.26,4.5
STF-00376,Credit & Lending,Credit Analyst,"data_analytics,credit_risk,aml_compliance,loan_underwriting",Retail Banking,Teller,"customer_service,sales_advisory,credit_risk",4.2,18.0,2,844.64,6.1
STF-00377,Treasury & Markets,FX Dealer,"forex_ops,treasury_ops,it_support",Treasury & Markets,Markets Associate,"forex_ops,treasury_ops,data_analytics,customer_service",6.8,10.0,3,667.07,9.4
STF-00378,Retail Banking,Customer Service Rep,"customer_service,teller_ops,sales_advisory,branch_management",Compliance & Risk,AML Investigator,"aml_compliance,leadership,cybersecurity",14.8,21.0,3,997.61,9.6
STF-00379,Compliance & Risk,AML Investigator,"cybersecurity,leadership",Treasury & Markets,Markets Associate,"data_analytics,treasury_ops,wealth_management",2.8,17.0,4,724.52,8.6
STF-00380,Private & Wealth,Relationship Manager,"wealth_management,sales_advisory,customer_service,teller_ops",Private & Wealth,Relationship Manager,"customer_service,wealth_management",12.9,19.0,3,1113.96,16.2
STF-00381,Credit & Lending,Lending Manager,"loan_underwriting,credit_risk",Credit & Lending,Loan Officer,"credit_risk,loan_underwriting,customer_service",1.7,15.0,1,855.6,9.0
STF-00382,Credit & Lending,Credit Analyst,"data_analytics,aml_compliance,loan_underwriting",Compliance & Risk,AML Investigator,"aml_compliance,cybersecurity,leadership",0.7,16.0,2,634.53,6.4
STF-00383,Credit & Lending,Lending Manager,"aml_compliance,credit_risk,data_analytics",Compliance & Risk,Risk Analyst,"credit_risk,aml_compliance,data_analytics",5.3,19.0,4,357.84,7.8
STF-00384,Treasury & Markets,Treasury Analyst,"treasury_ops,forex_ops,credit_risk",Treasury & Markets,FX Dealer,"treasury_ops,credit_risk",2.8,18.0,3,898.94,7.6
STF-00385,Digital & IT,Systems Administrator,"cybersecurity,it_support,treasury_ops",Compliance & Risk,AML Investigator,"leadership,cybersecurity,credit_risk,it_support",6.0,19.0,2,813.18,2.9
STF-00386,Digital & IT,Systems Administrator,"data_analytics,digital_banking,it_support",Digital & IT,IT Support Analyst,"digital_banking,it_support,cybersecurity",8.1,23.0,3,890.88,5.1
STF-00387,Compliance & Risk,AML Investigator,"leadership,aml_compliance,credit_risk,branch_management",Private & Wealth,Relationship Manager,"leadership,wealth_management",5.5,22.0,3,641.72,0.0
STF-00388,Private & Wealth,Wealth Advisor,"wealth_management,sales_advisory,customer_service",Compliance & Risk,Compliance Officer,"credit_risk,leadership",3.5,13.0,3,561.62,0.0
STF-00389,Retail Banking,Branch Supervisor,"sales_advisory,teller_ops,loan_underwriting",Retail Banking,Branch Officer,"branch_management,customer_service,loan_underwriting",5.5,12.0,3,747.73,3.9
STF-00390,Treasury & Markets,Treasury Analyst,"data_analytics,credit_risk,forex_ops",Treasury & Markets,Markets Associate,"credit_risk,data_analytics,treasury_ops,loan_underwriting",7.6,27.0,2,1180.02,4.4
STF-00391,Digital & IT,IT Support Analyst,"cybersecurity,data_analytics,it_support,treasury_ops",Digital & IT,Systems Administrator,"cybersecurity,data_analytics,customer_service",4.8,13.0,3,893.96,1.9
STF-00392,Digital & IT,Digital Banking Officer,"data_analytics,cybersecurity,digital_banking",Retail Banking,Customer Service Rep,"sales_advisory,customer_service,teller_ops,aml_compliance",3.5,27.0,3,820.95,13.7
STF-00393,Private & Wealth,Wealth Advisor,"customer_service,wealth_management",Compliance & Risk,AML Investigator,"aml_compliance,leadership,cybersecurity",0.4,11.0,4,455.32,5.4
STF-00394,Compliance & Risk,Risk Analyst,"aml_compliance,leadership",Compliance & Risk,Risk Analyst,"leadership,credit_risk,aml_compliance",2.0,18.0,3,779.92,8.7
STF-00395,Compliance & Risk,Risk Analyst,"aml_compliance,credit_risk",Compliance & Risk,Compliance Officer,"aml_compliance,leadership",12.9,23.0,1,1022.36,2.4
STF-00396,Private & Wealth,Wealth Advisor,"sales_advisory,wealth_management,teller_ops",Credit & Lending,Underwriter,"loan_underwriting,credit_risk,aml_compliance,forex_ops",6.5,18.0,3,831.72,12.4
STF-00397,Retail Banking,Branch Officer,"customer_service,branch_management,teller_ops,sales_advisory,forex_ops",Compliance & Risk,Risk Analyst,"aml_compliance,leadership",3.2,17.0,3,527.31,8.9
STF-00398,Compliance & Risk,Compliance Officer,"cybersecurity,leadership",Retail Banking,Teller,"sales_advisory,branch_management",3.5,17.0,3,864.72,2.4
STF-00399,Treasury & Markets,Markets Associate,"forex_ops,credit_risk,data_analytics,treasury_ops",Digital & IT,Digital Banking Officer,"digital_banking,it_support,data_analytics",3.0,15.0,3,1025.88,6.7
STF-00400,Private & Wealth,Relationship Manager,"leadership,customer_service,teller_ops",Private & Wealth,Wealth Advisor,"leadership,customer_service,wealth_management,digital_banking",0.2,18.0,4,693.52,3.3
STF-00401,Credit & Lending,Loan Officer,"loan_underwriting,data_analytics,credit_risk",Digital & IT,Digital Banking Officer,"digital_banking,data_analytics,credit_risk",8.7,13.0,2,866.41,8.0
STF-00402,Private & Wealth,Relationship Manager,"customer_service,sales_advisory",Private & Wealth,Relationship Manager,"customer_service,leadership,sales_advisory",2.9,27.0,3,968.96,2.7
STF-00403,Retail Banking,Customer Service Rep,"teller_ops,sales_advisory",Treasury & Markets,Treasury Analyst,"forex_ops,data_analytics,treasury_ops",15.3,25.0,3,774.05,7.8
STF-00404,Compliance & Risk,AML Investigator,"aml_compliance,credit_risk",Compliance & Risk,Risk Analyst,"credit_risk,cybersecurity",2.4,17.0,2,714.91,7.7
STF-00405,Digital & IT,IT Support Analyst,"data_analytics,cybersecurity",Digital & IT,IT Support Analyst,"data_analytics,cybersecurity",3.0,19.0,4,578.91,7.9
STF-00406,Compliance & Risk,Compliance Officer,"leadership,aml_compliance,cybersecurity,credit_risk,data_analytics",Digital & IT,Digital Banking Officer,"it_support,cybersecurity,digital_banking",1.4,23.0,3,581.64,14.7
STF-00407,Treasury & Markets,Treasury Analyst,"credit_risk,treasury_ops",Treasury & Markets,Treasury Analyst,"credit_risk,treasury_ops,data_analytics",4.8,25.0,3,643.12,5.5
STF-00408,Private & Wealth,Relationship Manager,"sales_advisory,customer_service,wealth_management,teller_ops",Private & Wealth,Wealth Advisor,"customer_service,wealth_management,sales_advisory",2.9,14.0,2,780.86,7.9
STF-00409,Private & Wealth,Relationship Manager,"customer_service,leadership,digital_banking",Compliance & Risk,AML Investigator,"credit_risk,cybersecurity",6.9,18.0,3,909.19,4.5
STF-00410,Private & Wealth,Wealth Advisor,"leadership,wealth_management,customer_service,sales_advisory,forex_ops",Compliance & Risk,Risk Analyst,"credit_risk,leadership,cybersecurity",17.6,12.0,4,969.13,13.2
STF-00411,Treasury & Markets,Markets Associate,"credit_risk,treasury_ops,data_analytics,forex_ops,leadership",Treasury & Markets,FX Dealer,"treasury_ops,credit_risk",6.3,13.0,3,692.75,5.5
STF-00412,Retail Banking,Branch Supervisor,"sales_advisory,customer_service,teller_ops,it_support",Retail Banking,Customer Service Rep,"teller_ops,branch_management",2.5,16.0,3,1043.3,8.3
STF-00413,Treasury & Markets,Treasury Analyst,"treasury_ops,forex_ops,data_analytics,loan_underwriting",Treasury & Markets,Treasury Analyst,"credit_risk,data_analytics,treasury_ops,branch_management",11.8,24.0,4,1031.41,6.4
STF-00414,Credit & Lending,Lending Manager,"credit_risk,aml_compliance,loan_underwriting,data_analytics",Retail Banking,Branch Officer,"branch_management,teller_ops,sales_advisory,treasury_ops",5.8,21.0,2,646.13,6.1
STF-00415,Private & Wealth,Wealth Advisor,"customer_service,leadership,wealth_management,treasury_ops",Private & Wealth,Private Banker,"customer_service,wealth_management,teller_ops",4.2,14.0,3,856.52,3.6
STF-00416,Private & Wealth,Relationship Manager,"leadership,sales_advisory,customer_service,wealth_management",Private & Wealth,Wealth Advisor,"wealth_management,sales_advisory,leadership,teller_ops",2.1,18.0,4,487.25,12.0
STF-00417,Digital & IT,Systems Administrator,"cybersecurity,digital_banking,it_support,data_analytics",Compliance & Risk,AML Investigator,"credit_risk,aml_compliance,cybersecurity,data_analytics",9.4,17.0,5,928.49,5.6
STF-00418,Retail Banking,Branch Officer,"branch_management,sales_advisory,teller_ops,customer_service,data_analytics",Treasury & Markets,FX Dealer,"data_analytics,treasury_ops,credit_risk,leadership",9.6,22.0,1,872.07,0.3
STF-00419,Retail Banking,Customer Service Rep,"branch_management,teller_ops,customer_service,sales_advisory,data_analytics",Private & Wealth,Wealth Advisor,"leadership,wealth_management,customer_service,treasury_ops",2.8,21.0,4,754.68,5.8
STF-00420,Compliance & Risk,Compliance Officer,"cybersecurity,aml_compliance,leadership,treasury_ops",Private & Wealth,Wealth Advisor,"sales_advisory,wealth_management",3.3,19.0,3,710.17,5.4
STF-00421,Private & Wealth,Wealth Advisor,"sales_advisory,wealth_management",Digital & IT,Systems Administrator,"it_support,data_analytics,credit_risk",13.5,15.0,4,1092.57,13.3
STF-00422,Retail Banking,Branch Supervisor,"sales_advisory,branch_management",Credit & Lending,Underwriter,"loan_underwriting,data_analytics,credit_risk,teller_ops",2.3,22.0,3,784.58,0.0
STF-00423,Compliance & Risk,Compliance Officer,"credit_risk,aml_compliance,leadership,cybersecurity",Compliance & Risk,AML Investigator,"cybersecurity,aml_compliance,leadership,teller_ops",8.3,13.0,3,874.41,6.6
STF-00424,Compliance & Risk,AML Investigator,"leadership,aml_compliance,credit_risk",Compliance & Risk,Risk Analyst,"leadership,credit_risk,aml_compliance,sales_advisory",2.4,12.0,4,902.85,5.2
STF-00425,Digital & IT,Systems Administrator,"it_support,digital_banking,data_analytics,branch_management",Credit & Lending,Loan Officer,"data_analytics,loan_underwriting,leadership",3.1,15.0,4,669.99,10.0
STF-00426,Retail Banking,Branch Officer,"branch_management,customer_service,sales_advisory",Treasury & Markets,Markets Associate,"data_analytics,forex_ops,treasury_ops,loan_underwriting",1.3,19.0,2,785.34,5.7
STF-00427,Retail Banking,Branch Officer,"branch_management,customer_service",Digital & IT,IT Support Analyst,"digital_banking,cybersecurity",4.3,17.0,4,716.18,6.6
STF-00428,Compliance & Risk,AML Investigator,"leadership,aml_compliance,credit_risk,customer_service",Compliance & Risk,Risk Analyst,"aml_compliance,leadership,credit_risk",0.9,17.0,4,746.64,5.1
STF-00429,Treasury & Markets,Markets Associate,"forex_ops,data_analytics,credit_risk",Compliance & Risk,Compliance Officer,"leadership,cybersecurity,customer_service",0.7,16.0,2,895.63,12.3
STF-00430,Private & Wealth,Private Banker,"leadership,customer_service,sales_advisory,wealth_management",Credit & Lending,Loan Officer,"credit_risk,loan_underwriting",2.6,24.0,1,822.07,4.3
STF-00431,Compliance & Risk,Risk Analyst,"cybersecurity,aml_compliance",Compliance & Risk,Compliance Officer,"cybersecurity,aml_compliance",6.2,15.0,2,969.32,5.7
STF-00432,Treasury & Markets,FX Dealer,"data_analytics,credit_risk,forex_ops,customer_service",Retail Banking,Branch Officer,"teller_ops,customer_service,sales_advisory",6.0,13.0,4,627.94,7.3
STF-00433,Retail Banking,Customer Service Rep,"branch_management,customer_service,sales_advisory",Retail Banking,Branch Officer,"teller_ops,sales_advisory",2.1,20.0,3,690.7,0.0
STF-00434,Credit & Lending,Loan Officer,"data_analytics,credit_risk,aml_compliance,teller_ops",Treasury & Markets,Markets Associate,"forex_ops,data_analytics",5.3,12.0,2,843.66,2.7
STF-00435,Digital & IT,IT Support Analyst,"data_analytics,it_support,cybersecurity,digital_banking",Retail Banking,Customer Service Rep,"branch_management,teller_ops,customer_service",11.1,20.0,3,783.53,4.6
STF-00436,Retail Banking,Customer Service Rep,"customer_service,sales_advisory,teller_ops,branch_management,forex_ops",Retail Banking,Branch Supervisor,"customer_service,teller_ops",3.3,16.0,2,607.65,3.9
STF-00437,Private & Wealth,Relationship Manager,"customer_service,wealth_management,sales_advisory,leadership",Compliance & Risk,Risk Analyst,"cybersecurity,aml_compliance,it_support",1.3,13.0,1,801.7,17.4
STF-00438,Credit & Lending,Underwriter,"aml_compliance,data_analytics",Credit & Lending,Loan Officer,"data_analytics,credit_risk",5.2,12.0,2,794.56,11.6
STF-00439,Private & Wealth,Wealth Advisor,"leadership,wealth_management,sales_advisory",Private & Wealth,Relationship Manager,"customer_service,wealth_management,leadership",3.5,16.0,3,681.67,8.4
STF-00440,Compliance & Risk,Risk Analyst,"cybersecurity,credit_risk,aml_compliance",Compliance & Risk,AML Investigator,"cybersecurity,credit_risk",6.3,24.0,4,607.5,4.1
STF-00441,Retail Banking,Customer Service Rep,"sales_advisory,teller_ops,branch_management,leadership",Private & Wealth,Wealth Advisor,"sales_advisory,wealth_management,teller_ops",18.1,14.0,4,1175.1,4.6
STF-00442,Private & Wealth,Wealth Advisor,"sales_advisory,leadership,customer_service",Treasury & Markets,Treasury Analyst,"credit_risk,data_analytics",5.1,14.0,4,431.09,4.0
STF-00443,Retail Banking,Branch Supervisor,"branch_management,teller_ops,sales_advisory",Digital & IT,Systems Administrator,"cybersecurity,data_analytics,digital_banking",3.2,15.0,3,781.02,1.6
STF-00444,Compliance & Risk,Compliance Officer,"cybersecurity,leadership,credit_risk",Compliance & Risk,Compliance Officer,"credit_risk,aml_compliance,cybersecurity",4.1,22.0,3,929.09,5.9
STF-00445,Credit & Lending,Loan Officer,"loan_underwriting,data_analytics",Credit & Lending,Underwriter,"credit_risk,aml_compliance,data_analytics,forex_ops",6.9,18.0,3,961.22,3.6
STF-00446,Digital & IT,Digital Banking Officer,"cybersecurity,data_analytics,forex_ops",Digital & IT,IT Support Analyst,"data_analytics,cybersecurity",1.7,19.0,3,551.17,11.9
STF-00447,Digital & IT,IT Support Analyst,"cybersecurity,digital_banking,data_analytics,credit_risk",Digital & IT,Systems Administrator,"cybersecurity,it_support,data_analytics",2.5,15.0,2,735.04,2.9
STF-00448,Digital & IT,Systems Administrator,"data_analytics,it_support,cybersecurity,digital_banking",Digital & IT,Systems Administrator,"data_analytics,cybersecurity",4.9,16.0,3,907.54,0.0
STF-00449,Treasury & Markets,Markets Associate,"treasury_ops,forex_ops,data_analytics,credit_risk",Digital & IT,Digital Banking Officer,"cybersecurity,it_support,data_analytics",5.3,12.0,2,735.27,7.5
STF-00450,Retail Banking,Branch Supervisor,"branch_management,customer_service,sales_advisory,cybersecurity",Treasury & Markets,Treasury Analyst,"credit_risk,forex_ops,teller_ops",1.2,23.0,3,810.18,7.4
STF-00451,Private & Wealth,Relationship Manager,"customer_service,leadership,sales_advisory,wealth_management",Private & Wealth,Relationship Manager,"leadership,sales_advisory,forex_ops",2.3,28.0,4,520.24,9.8
STF-00452,Compliance & Risk,Compliance Officer,"credit_risk,leadership,cybersecurity,wealth_management",Treasury & Markets,Treasury Analyst,"forex_ops,credit_risk",9.2,26.0,3,888.06,2.1
STF-00453,Private & Wealth,Relationship Manager,"sales_advisory,customer_service,leadership,wealth_management",Private & Wealth,Wealth Advisor,"customer_service,wealth_management,leadership",1.3,12.0,3,803.01,4.9
STF-00454,Private & Wealth,Wealth Advisor,"sales_advisory,wealth_management,customer_service,leadership,treasury_ops",Private & Wealth,Wealth Advisor,"wealth_management,customer_service",1.5,17.0,2,483.56,1.5
STF-00455,Treasury & Markets,Treasury Analyst,"credit_risk,forex_ops,treasury_ops",Private & Wealth,Relationship Manager,"wealth_management,leadership,customer_service,sales_advisory",5.0,29.0,3,793.95,0.6
STF-00456,Private & Wealth,Relationship Manager,"sales_advisory,wealth_management",Digital & IT,Systems Administrator,"data_analytics,cybersecurity",1.9,15.0,2,601.94,8.6
STF-00457,Private & Wealth,Wealth Advisor,"leadership,customer_service,sales_advisory,wealth_management,aml_compliance",Private & Wealth,Wealth Advisor,"leadership,sales_advisory,teller_ops",2.9,22.0,2,669.76,8.6
STF-00458,Private & Wealth,Private Banker,"sales_advisory,wealth_management,teller_ops",Private & Wealth,Private Banker,"leadership,customer_service",11.1,24.0,2,952.89,1.1
STF-00459,Retail Banking,Customer Service Rep,"customer_service,sales_advisory,branch_management,teller_ops",Private & Wealth,Wealth Advisor,"leadership,sales_advisory,teller_ops",4.0,20.0,2,883.86,4.2
STF-00460,Compliance & Risk,AML Investigator,"leadership,cybersecurity,aml_compliance",Digital & IT,Systems Administrator,"digital_banking,it_support,data_analytics",0.8,16.0,4,400.57,5.2
STF-00461,Private & Wealth,Private Banker,"wealth_management,customer_service",Credit & Lending,Lending Manager,"loan_underwriting,aml_compliance,data_analytics",23.1,24.0,3,1302.39,7.9
STF-00462,Credit & Lending,Credit Analyst,"loan_underwriting,aml_compliance,credit_risk,data_analytics",Credit & Lending,Underwriter,"loan_underwriting,credit_risk",1.7,17.0,3,804.25,2.9
STF-00463,Compliance & Risk,Risk Analyst,"leadership,credit_risk,cybersecurity,aml_compliance",Compliance & Risk,Compliance Officer,"aml_compliance,leadership,cybersecurity",12.6,29.0,5,845.77,1.5
STF-00464,Compliance & Risk,Compliance Officer,"aml_compliance,credit_risk,it_support",Treasury & Markets,FX Dealer,"forex_ops,credit_risk,treasury_ops",2.2,18.0,3,828.68,10.4
STF-00465,Treasury & Markets,Treasury Analyst,"forex_ops,treasury_ops,credit_risk",Treasury & Markets,FX Dealer,"forex_ops,data_analytics,treasury_ops",2.1,17.0,3,727.73,12.8
STF-00466,Compliance & Risk,Risk Analyst,"leadership,cybersecurity,aml_compliance,credit_risk,data_analytics",Compliance & Risk,AML Investigator,"credit_risk,leadership",11.4,14.0,3,1061.98,3.9
STF-00467,Retail Banking,Branch Officer,"branch_management,teller_ops,customer_service,sales_advisory",Retail Banking,Branch Supervisor,"branch_management,teller_ops,customer_service",1.2,17.0,2,573.13,0.0
STF-00468,Compliance & Risk,Compliance Officer,"cybersecurity,credit_risk,leadership",Compliance & Risk,Risk Analyst,"cybersecurity,aml_compliance,credit_risk",10.2,18.0,3,932.68,8.9
STF-00469,Retail Banking,Branch Supervisor,"teller_ops,sales_advisory,branch_management",Retail Banking,Teller,"teller_ops,branch_management,customer_service",5.2,23.0,3,741.87,10.4
STF-00470,Compliance & Risk,Compliance Officer,"credit_risk,cybersecurity,aml_compliance",Compliance & Risk,Risk Analyst,"aml_compliance,credit_risk,cybersecurity,leadership",3.2,18.0,2,745.12,8.7
STF-00471,Private & Wealth,Relationship Manager,"sales_advisory,customer_service,leadership",Compliance & Risk,Compliance Officer,"cybersecurity,aml_compliance,credit_risk",9.0,17.0,3,974.17,1.7
STF-00472,Private & Wealth,Private Banker,"customer_service,wealth_management,sales_advisory,leadership",Private & Wealth,Wealth Advisor,"wealth_management,customer_service,leadership,digital_banking",4.0,19.0,3,721.83,7.6
STF-00473,Private & Wealth,Private Banker,"leadership,wealth_management,customer_service,sales_advisory,branch_management",Compliance & Risk,Risk Analyst,"cybersecurity,leadership,branch_management",2.0,21.0,2,664.26,9.1
STF-00474,Treasury & Markets,Markets Associate,"data_analytics,forex_ops",Treasury & Markets,Markets Associate,"credit_risk,data_analytics,forex_ops,digital_banking",2.7,19.0,4,890.74,7.2
STF-00475,Credit & Lending,Underwriter,"loan_underwriting,aml_compliance,data_analytics,teller_ops",Credit & Lending,Lending Manager,"credit_risk,aml_compliance,data_analytics,branch_management",4.3,19.0,3,622.23,1.4
STF-00476,Compliance & Risk,AML Investigator,"aml_compliance,credit_risk,forex_ops",Treasury & Markets,Treasury Analyst,"credit_risk,forex_ops,treasury_ops",5.3,12.0,2,878.8,8.3
STF-00477,Private & Wealth,Wealth Advisor,"customer_service,wealth_management,loan_underwriting",Compliance & Risk,Compliance Officer,"aml_compliance,cybersecurity,leadership",2.7,23.0,1,849.28,6.1
STF-00478,Private & Wealth,Relationship Manager,"leadership,sales_advisory",Private & Wealth,Relationship Manager,"sales_advisory,leadership,customer_service,aml_compliance",3.4,20.0,2,911.52,9.5
STF-00479,Credit & Lending,Underwriter,"loan_underwriting,credit_risk,aml_compliance,data_analytics",Compliance & Risk,Compliance Officer,"credit_risk,cybersecurity",2.1,20.0,4,460.71,9.3
STF-00480,Credit & Lending,Credit Analyst,"credit_risk,aml_compliance",Credit & Lending,Underwriter,"aml_compliance,loan_underwriting,teller_ops",1.5,11.0,4,887.11,10.1
STF-00481,Digital & IT,Systems Administrator,"digital_banking,it_support,cybersecurity,data_analytics",Digital & IT,IT Support Analyst,"it_support,data_analytics,digital_banking,leadership",1.4,19.0,1,740.12,12.8
STF-00482,Treasury & Markets,FX Dealer,"treasury_ops,credit_risk",Treasury & Markets,Treasury Analyst,"credit_risk,treasury_ops",6.6,18.0,2,821.92,8.9
STF-00483,Retail Banking,Teller,"sales_advisory,teller_ops,customer_service,it_support",Compliance & Risk,AML Investigator,"aml_compliance,credit_risk,cybersecurity,wealth_management",0.7,21.0,1,703.82,9.3
STF-00484,Retail Banking,Teller,"teller_ops,branch_management",Digital & IT,Digital Banking Officer,"cybersecurity,it_support",6.9,19.0,3,728.72,6.5
STF-00485,Retail Banking,Branch Supervisor,"teller_ops,customer_service,it_support",Retail Banking,Customer Service Rep,"branch_management,teller_ops,credit_risk",13.8,22.0,2,988.83,9.7
STF-00486,Digital & IT,Digital Banking Officer,"digital_banking,cybersecurity,it_support,data_analytics",Private & Wealth,Private Banker,"leadership,customer_service,sales_advisory",6.5,17.0,4,635.0,6.6
STF-00487,Retail Banking,Branch Supervisor,"teller_ops,customer_service,cybersecurity",Digital & IT,Systems Administrator,"it_support,cybersecurity,digital_banking",4.4,18.0,1,629.56,0.0
STF-00488,Credit & Lending,Underwriter,"loan_underwriting,aml_compliance",Private & Wealth,Private Banker,"leadership,wealth_management,branch_management",0.8,25.0,2,824.37,5.0
STF-00489,Retail Banking,Teller,"teller_ops,customer_service",Retail Banking,Customer Service Rep,"customer_service,branch_management,credit_risk",5.1,14.0,3,657.57,6.9
STF-00490,Private & Wealth,Relationship Manager,"sales_advisory,customer_service",Private & Wealth,Private Banker,"customer_service,leadership,wealth_management,treasury_ops",4.1,17.0,4,747.55,6.0
STF-00491,Compliance & Risk,Risk Analyst,"leadership,aml_compliance,credit_risk,cybersecurity",Digital & IT,Systems Administrator,"digital_banking,data_analytics,it_support",2.1,22.0,1,787.89,9.4
STF-00492,Digital & IT,Systems Administrator,"digital_banking,it_support,cybersecurity,data_analytics",Digital & IT,Digital Banking Officer,"digital_banking,it_support,data_analytics",2.6,21.0,4,710.3,11.0
STF-00493,Digital & IT,Systems Administrator,"cybersecurity,it_support,digital_banking",Digital & IT,IT Support Analyst,"cybersecurity,data_analytics",1.6,14.0,2,842.63,9.3
STF-00494,Digital & IT,Systems Administrator,"data_analytics,it_support,digital_banking",Compliance & Risk,Risk Analyst,"aml_compliance,cybersecurity,leadership",2.2,16.0,2,587.67,4.3
STF-00495,Compliance & Risk,Compliance Officer,"cybersecurity,leadership,credit_risk",Private & Wealth,Wealth Advisor,"customer_service,wealth_management,sales_advisory,loan_underwriting",4.3,17.0,3,759.73,2.5
STF-00496,Retail Banking,Branch Supervisor,"customer_service,branch_management,treasury_ops",Digital & IT,IT Support Analyst,"data_analytics,cybersecurity,digital_banking,sales_advisory",4.5,21.0,2,777.68,4.0
STF-00497,Digital & IT,Digital Banking Officer,"cybersecurity,digital_banking,it_support,data_analytics",Credit & Lending,Underwriter,"aml_compliance,data_analytics",9.2,16.0,4,971.71,12.9
STF-00498,Retail Banking,Teller,"sales_advisory,customer_service,leadership",Compliance & Risk,AML Investigator,"leadership,credit_risk,branch_management",2.8,23.0,4,678.94,8.1
STF-00499,Treasury & Markets,FX Dealer,"credit_risk,data_analytics,forex_ops,branch_management",Treasury & Markets,Markets Associate,"treasury_ops,data_analytics,forex_ops,leadership",5.8,22.0,3,772.91,2.9
STF-00500,Credit & Lending,Loan Officer,"credit_risk,data_analytics,aml_compliance,loan_underwriting",Digital & IT,Systems Administrator,"it_support,digital_banking,data_analytics",12.2,14.0,3,925.25,4.3
STF-00501,Credit & Lending,Underwriter,"credit_risk,loan_underwriting,data_analytics,aml_compliance,teller_ops",Credit & Lending,Credit Analyst,"credit_risk,aml_compliance",4.1,20.0,3,633.85,6.6
STF-00502,Compliance & Risk,Risk Analyst,"credit_risk,leadership,cybersecurity,loan_underwriting",Retail Banking,Teller,"sales_advisory,customer_service,branch_management,wealth_management",2.3,9.0,3,781.97,8.0
STF-00503,Treasury & Markets,FX Dealer,"treasury_ops,credit_risk,forex_ops,it_support",Compliance & Risk,AML Investigator,"leadership,cybersecurity,credit_risk,digital_banking",0.9,24.0,1,571.1,6.9
STF-00504,Private & Wealth,Private Banker,"leadership,sales_advisory",Private & Wealth,Relationship Manager,"wealth_management,customer_service,sales_advisory,credit_risk",2.7,15.0,4,605.77,9.4
STF-00505,Private & Wealth,Private Banker,"customer_service,sales_advisory,leadership,wealth_management,credit_risk",Private & Wealth,Wealth Advisor,"leadership,sales_advisory",0.8,13.0,3,396.69,5.5
STF-00506,Compliance & Risk,AML Investigator,"credit_risk,cybersecurity,leadership,branch_management",Private & Wealth,Relationship Manager,"wealth_management,customer_service",3.1,27.0,2,743.23,9.6
STF-00507,Private & Wealth,Private Banker,"customer_service,leadership,sales_advisory,aml_compliance",Private & Wealth,Private Banker,"wealth_management,sales_advisory,leadership",2.6,16.0,2,629.26,6.2
STF-00508,Compliance & Risk,AML Investigator,"credit_risk,aml_compliance,treasury_ops",Compliance & Risk,Risk Analyst,"credit_risk,aml_compliance,cybersecurity,forex_ops",3.3,23.0,2,884.23,7.7
STF-00509,Private & Wealth,Relationship Manager,"wealth_management,customer_service",Treasury & Markets,Treasury Analyst,"credit_risk,forex_ops,cybersecurity",3.6,17.0,1,726.95,8.6
STF-00510,Compliance & Risk,Risk Analyst,"leadership,aml_compliance,cybersecurity,credit_risk",Compliance & Risk,Compliance Officer,"leadership,aml_compliance,cybersecurity,loan_underwriting",1.7,10.0,4,661.31,3.3
STF-00511,Compliance & Risk,Risk Analyst,"leadership,cybersecurity,it_support",Compliance & Risk,Risk Analyst,"leadership,credit_risk,aml_compliance,treasury_ops",14.3,14.0,4,952.26,6.1
STF-00512,Private & Wealth,Relationship Manager,"sales_advisory,wealth_management,leadership,customer_service",Credit & Lending,Loan Officer,"data_analytics,credit_risk,loan_underwriting,branch_management",4.1,16.0,4,783.07,5.5
STF-00513,Digital & IT,Digital Banking Officer,"data_analytics,digital_banking,it_support",Digital & IT,Digital Banking Officer,"cybersecurity,data_analytics",2.7,18.0,2,670.51,12.0
STF-00514,Digital & IT,Digital Banking Officer,"it_support,data_analytics",Digital & IT,IT Support Analyst,"data_analytics,digital_banking,cybersecurity",1.6,26.0,4,657.9,10.8
STF-00515,Retail Banking,Branch Officer,"customer_service,branch_management,sales_advisory",Treasury & Markets,FX Dealer,"forex_ops,data_analytics,digital_banking",0.8,13.0,2,973.15,10.8
STF-00516,Treasury & Markets,Treasury Analyst,"forex_ops,credit_risk,treasury_ops",Treasury & Markets,FX Dealer,"data_analytics,forex_ops,credit_risk",1.8,17.0,4,438.7,9.0
STF-00517,Digital & IT,Digital Banking Officer,"it_support,data_analytics,cybersecurity,digital_banking",Treasury & Markets,Treasury Analyst,"treasury_ops,credit_risk,data_analytics",2.0,19.0,3,775.12,5.6
STF-00518,Private & Wealth,Wealth Advisor,"wealth_management,sales_advisory",Compliance & Risk,Compliance Officer,"cybersecurity,leadership,aml_compliance,data_analytics",0.9,19.0,3,542.58,8.9
STF-00519,Compliance & Risk,Compliance Officer,"aml_compliance,leadership,credit_risk",Compliance & Risk,AML Investigator,"aml_compliance,leadership",2.8,18.0,2,878.18,10.6
STF-00520,Retail Banking,Customer Service Rep,"sales_advisory,teller_ops",Private & Wealth,Private Banker,"leadership,customer_service,wealth_management,it_support",10.4,20.0,4,851.43,5.3
STF-00521,Retail Banking,Customer Service Rep,"customer_service,sales_advisory,branch_management",Retail Banking,Branch Officer,"teller_ops,branch_management,sales_advisory,cybersecurity",0.7,25.0,2,656.11,7.1
STF-00522,Private & Wealth,Private Banker,"sales_advisory,customer_service",Compliance & Risk,Compliance Officer,"aml_compliance,cybersecurity,credit_risk",2.3,17.0,2,779.43,7.5
STF-00523,Treasury & Markets,Treasury Analyst,"forex_ops,treasury_ops,data_analytics",Digital & IT,Digital Banking Officer,"digital_banking,cybersecurity,it_support,leadership",2.1,15.0,3,752.86,6.8
STF-00524,Private & Wealth,Private Banker,"customer_service,leadership,wealth_management,loan_underwriting",Private & Wealth,Private Banker,"customer_service,sales_advisory,leadership",4.1,13.0,2,714.66,10.9
STF-00525,Treasury & Markets,Treasury Analyst,"credit_risk,forex_ops",Treasury & Markets,Markets Associate,"credit_risk,treasury_ops",3.2,27.0,1,704.41,4.7
STF-00526,Retail Banking,Teller,"teller_ops,sales_advisory",Compliance & Risk,AML Investigator,"leadership,credit_risk,it_support",1.5,14.0,4,588.82,0.0
STF-00527,Credit & Lending,Credit Analyst,"aml_compliance,data_analytics,loan_underwriting,credit_risk,cybersecurity",Credit & Lending,Underwriter,"loan_underwriting,credit_risk",11.1,22.0,3,961.56,9.9
STF-00528,Treasury & Markets,Treasury Analyst,"forex_ops,credit_risk",Treasury & Markets,FX Dealer,"credit_risk,treasury_ops",9.2,13.0,3,847.57,6.9
STF-00529,Retail Banking,Branch Officer,"teller_ops,sales_advisory,branch_management,cybersecurity",Compliance & Risk,Compliance Officer,"credit_risk,cybersecurity",2.0,19.0,4,785.5,8.6
STF-00530,Credit & Lending,Underwriter,"loan_underwriting,credit_risk,data_analytics,aml_compliance",Compliance & Risk,Risk Analyst,"cybersecurity,credit_risk,digital_banking",0.6,11.0,5,534.61,6.2
STF-00531,Credit & Lending,Lending Manager,"loan_underwriting,credit_risk,aml_compliance",Retail Banking,Branch Supervisor,"sales_advisory,branch_management",7.2,21.0,2,721.3,9.1
STF-00532,Digital & IT,IT Support Analyst,"it_support,data_analytics,digital_banking,cybersecurity",Digital & IT,IT Support Analyst,"data_analytics,digital_banking",0.6,19.0,1,740.56,5.2
STF-00533,Compliance & Risk,Compliance Officer,"leadership,credit_risk,aml_compliance,teller_ops",Compliance & Risk,Compliance Officer,"credit_risk,cybersecurity,leadership,forex_ops",10.1,16.0,2,884.22,9.1
STF-00534,Retail Banking,Branch Supervisor,"branch_management,teller_ops,customer_service",Retail Banking,Branch Supervisor,"sales_advisory,customer_service,branch_management,leadership",8.4,26.0,2,976.02,0.6
STF-00535,Retail Banking,Teller,"branch_management,teller_ops",Treasury & Markets,Markets Associate,"credit_risk,data_analytics,wealth_management",5.4,20.0,3,681.19,6.2
STF-00536,Retail Banking,Branch Supervisor,"customer_service,teller_ops",Retail Banking,Branch Supervisor,"sales_advisory,branch_management,teller_ops",3.6,16.0,3,680.92,3.8
STF-00537,Private & Wealth,Wealth Advisor,"customer_service,wealth_management",Compliance & Risk,Risk Analyst,"aml_compliance,cybersecurity,leadership",2.9,14.0,4,974.43,5.8
STF-00538,Compliance & Risk,Risk Analyst,"cybersecurity,aml_compliance,leadership",Retail Banking,Branch Supervisor,"customer_service,branch_management,teller_ops",15.7,19.0,2,981.23,6.3
STF-00539,Private & Wealth,Private Banker,"wealth_management,customer_service,aml_compliance",Private & Wealth,Private Banker,"customer_service,leadership,credit_risk",5.3,15.0,3,804.78,2.5
STF-00540,Credit & Lending,Lending Manager,"data_analytics,credit_risk",Private & Wealth,Wealth Advisor,"wealth_management,sales_advisory,leadership,treasury_ops",14.2,17.0,3,1085.19,10.6
STF-00541,Treasury & Markets,Treasury Analyst,"forex_ops,treasury_ops,data_analytics,aml_compliance",Treasury & Markets,Treasury Analyst,"treasury_ops,credit_risk,forex_ops",4.4,17.0,3,904.03,3.9
STF-00542,Retail Banking,Branch Supervisor,"branch_management,sales_advisory,customer_service,teller_ops",Retail Banking,Branch Supervisor,"customer_service,sales_advisory,credit_risk",4.2,22.0,4,849.24,4.7
STF-00543,Treasury & Markets,Treasury Analyst,"treasury_ops,data_analytics,credit_risk,forex_ops,digital_banking",Treasury & Markets,Treasury Analyst,"credit_risk,data_analytics,digital_banking",14.4,11.0,2,1102.46,8.8
STF-00544,Treasury & Markets,Markets Associate,"credit_risk,forex_ops,treasury_ops,cybersecurity",Compliance & Risk,Compliance Officer,"leadership,credit_risk,aml_compliance",11.6,21.0,3,839.08,1.9
STF-00545,Private & Wealth,Relationship Manager,"customer_service,wealth_management",Digital & IT,IT Support Analyst,"it_support,cybersecurity",1.7,11.0,3,686.81,0.5
STF-00546,Treasury & Markets,Markets Associate,"data_analytics,credit_risk,treasury_ops,forex_ops,cybersecurity",Compliance & Risk,Compliance Officer,"cybersecurity,aml_compliance,leadership,sales_advisory",2.0,25.0,3,669.68,3.9
STF-00547,Retail Banking,Branch Supervisor,"customer_service,branch_management",Treasury & Markets,Markets Associate,"data_analytics,credit_risk,cybersecurity",2.5,22.0,2,712.0,3.7
STF-00548,Private & Wealth,Relationship Manager,"wealth_management,customer_service,sales_advisory,teller_ops",Retail Banking,Teller,"sales_advisory,customer_service,forex_ops",4.5,19.0,3,833.77,1.2
STF-00549,Compliance & Risk,AML Investigator,"aml_compliance,credit_risk,cybersecurity,leadership,forex_ops",Compliance & Risk,Compliance Officer,"cybersecurity,leadership,credit_risk,data_analytics",4.7,14.0,3,847.31,2.8
STF-00550,Retail Banking,Customer Service Rep,"branch_management,sales_advisory,teller_ops",Private & Wealth,Private Banker,"customer_service,leadership,wealth_management,aml_compliance",4.5,21.0,3,695.44,7.9
STF-00551,Credit & Lending,Credit Analyst,"loan_underwriting,credit_risk,aml_compliance",Retail Banking,Branch Officer,"sales_advisory,branch_management",2.6,18.0,4,621.61,0.0
STF-00552,Private & Wealth,Wealth Advisor,"wealth_management,customer_service,leadership",Digital & IT,Systems Administrator,"it_support,cybersecurity,data_analytics",3.2,16.0,2,883.48,6.0
STF-00553,Treasury & Markets,Markets Associate,"treasury_ops,forex_ops,data_analytics,credit_risk,digital_banking",Private & Wealth,Wealth Advisor,"wealth_management,leadership",7.9,13.0,2,897.97,11.5
STF-00554,Private & Wealth,Wealth Advisor,"sales_advisory,leadership,wealth_management",Private & Wealth,Relationship Manager,"customer_service,sales_advisory,wealth_management,teller_ops",4.1,13.0,4,923.21,7.6
STF-00555,Treasury & Markets,Treasury Analyst,"credit_risk,forex_ops,treasury_ops",Treasury & Markets,Markets Associate,"treasury_ops,forex_ops,data_analytics",2.8,14.0,4,626.49,4.5
STF-00556,Treasury & Markets,Markets Associate,"credit_risk,forex_ops",Digital & IT,Systems Administrator,"it_support,digital_banking,data_analytics",8.5,15.0,4,746.71,6.9
STF-00557,Credit & Lending,Lending Manager,"credit_risk,data_analytics,loan_underwriting,aml_compliance",Digital & IT,IT Support Analyst,"cybersecurity,data_analytics,treasury_ops",4.1,17.0,3,708.73,7.3
STF-00558,Retail Banking,Branch Supervisor,"teller_ops,branch_management,customer_service,sales_advisory",Credit & Lending,Underwriter,"data_analytics,loan_underwriting,credit_risk",4.7,21.0,2,585.05,6.8
STF-00559,Credit & Lending,Lending Manager,"aml_compliance,loan_underwriting,credit_risk,leadership",Credit & Lending,Loan Officer,"credit_risk,aml_compliance,loan_underwriting",2.2,18.0,2,841.27,4.7
STF-00560,Retail Banking,Branch Officer,"branch_management,customer_service,sales_advisory,teller_ops,leadership",Compliance & Risk,Compliance Officer,"credit_risk,leadership,it_support",10.4,21.0,4,955.27,5.3
STF-00561,Compliance & Risk,Risk Analyst,"aml_compliance,leadership,credit_risk,cybersecurity",Private & Wealth,Wealth Advisor,"wealth_management,leadership,sales_advisory,customer_service",8.5,16.0,2,1186.3,7.0
STF-00562,Treasury & Markets,Treasury Analyst,"credit_risk,data_analytics",Retail Banking,Branch Officer,"customer_service,branch_management",2.0,12.0,3,620.45,0.0
STF-00563,Digital & IT,Systems Administrator,"digital_banking,data_analytics,it_support,branch_management",Digital & IT,Systems Administrator,"data_analytics,cybersecurity,it_support",7.3,15.0,3,811.95,6.3
STF-00564,Retail Banking,Branch Officer,"customer_service,sales_advisory,teller_ops",Retail Banking,Customer Service Rep,"teller_ops,customer_service,branch_management",4.1,17.0,3,844.96,14.8
STF-00565,Credit & Lending,Credit Analyst,"aml_compliance,loan_underwriting",Digital & IT,Systems Administrator,"digital_banking,data_analytics",8.1,18.0,3,742.61,7.0
STF-00566,Treasury & Markets,FX Dealer,"data_analytics,treasury_ops,forex_ops",Credit & Lending,Loan Officer,"loan_underwriting,aml_compliance,data_analytics,credit_risk",0.2,19.0,4,516.22,7.9
STF-00567,Compliance & Risk,AML Investigator,"credit_risk,leadership,cybersecurity,aml_compliance",Retail Banking,Branch Supervisor,"teller_ops,sales_advisory,customer_service",7.5,17.0,3,799.93,16.1
STF-00568,Treasury & Markets,Markets Associate,"credit_risk,treasury_ops,forex_ops",Treasury & Markets,FX Dealer,"data_analytics,credit_risk",3.9,20.0,3,662.52,0.0
STF-00569,Private & Wealth,Relationship Manager,"wealth_management,sales_advisory,leadership,customer_service",Retail Banking,Teller,"branch_management,customer_service",3.4,15.0,4,623.7,6.9
STF-00570,Private & Wealth,Private Banker,"leadership,customer_service,sales_advisory",Private & Wealth,Private Banker,"customer_service,wealth_management,sales_advisory",3.6,21.0,2,873.84,3.7
STF-00571,Retail Banking,Branch Officer,"sales_advisory,teller_ops,branch_management,credit_risk",Credit & Lending,Credit Analyst,"loan_underwriting,aml_compliance",5.6,16.0,3,657.43,10.0
STF-00572,Treasury & Markets,Markets Associate,"data_analytics,credit_risk,treasury_ops,forex_ops,branch_management",Treasury & Markets,Markets Associate,"credit_risk,forex_ops",3.1,21.0,3,773.86,0.0
STF-00573,Credit & Lending,Lending Manager,"aml_compliance,data_analytics,loan_underwriting,leadership",Credit & Lending,Credit Analyst,"credit_risk,aml_compliance,customer_service",4.5,21.0,3,907.58,0.0
STF-00574,Credit & Lending,Credit Analyst,"aml_compliance,credit_risk,loan_underwriting,data_analytics",Credit & Lending,Lending Manager,"aml_compliance,loan_underwriting,sales_advisory",8.6,18.0,4,980.38,10.6
STF-00575,Private & Wealth,Relationship Manager,"customer_service,sales_advisory,leadership,wealth_management,forex_ops",Private & Wealth,Wealth Advisor,"leadership,customer_service",2.5,27.0,2,734.9,3.9
STF-00576,Digital & IT,IT Support Analyst,"data_analytics,digital_banking,customer_service",Digital & IT,Systems Administrator,"it_support,digital_banking",2.0,17.0,3,611.91,4.2
STF-00577,Digital & IT,Digital Banking Officer,"data_analytics,cybersecurity,digital_banking",Digital & IT,Digital Banking Officer,"digital_banking,cybersecurity",4.2,24.0,4,745.24,10.4
STF-00578,Digital & IT,Digital Banking Officer,"data_analytics,digital_banking,cybersecurity",Credit & Lending,Loan Officer,"data_analytics,aml_compliance",3.9,19.0,3,712.6,8.2
STF-00579,Retail Banking,Branch Supervisor,"sales_advisory,customer_service,data_analytics",Retail Banking,Branch Officer,"teller_ops,sales_advisory,branch_management",4.6,21.0,3,703.82,7.9
STF-00580,Private & Wealth,Private Banker,"leadership,sales_advisory,customer_service",Private & Wealth,Private Banker,"wealth_management,sales_advisory,leadership,loan_underwriting",3.9,15.0,4,804.98,17.2
STF-00581,Retail Banking,Teller,"sales_advisory,teller_ops,customer_service",Credit & Lending,Credit Analyst,"loan_underwriting,aml_compliance",0.8,17.0,2,739.16,15.9
STF-00582,Compliance & Risk,AML Investigator,"aml_compliance,cybersecurity,leadership,digital_banking",Compliance & Risk,AML Investigator,"cybersecurity,leadership,aml_compliance",3.8,16.0,3,920.84,6.2
STF-00583,Compliance & Risk,Compliance Officer,"leadership,aml_compliance,credit_risk,cybersecurity,digital_banking",Digital & IT,Systems Administrator,"it_support,digital_banking,data_analytics,wealth_management",3.6,14.0,3,601.6,7.9
STF-00584,Private & Wealth,Private Banker,"customer_service,wealth_management",Private & Wealth,Wealth Advisor,"customer_service,wealth_management,leadership",8.3,17.0,3,944.68,1.9
STF-00585,Compliance & Risk,Compliance Officer,"cybersecurity,credit_risk,treasury_ops",Digital & IT,IT Support Analyst,"cybersecurity,it_support",7.6,23.0,3,948.25,6.8
STF-00586,Digital & IT,Systems Administrator,"it_support,digital_banking,data_analytics,leadership",Digital & IT,Systems Administrator,"digital_banking,it_support",5.8,20.0,5,812.65,8.0
STF-00587,Credit & Lending,Loan Officer,"data_analytics,loan_underwriting,credit_risk,aml_compliance,customer_service",Credit & Lending,Underwriter,"data_analytics,aml_compliance,it_support",4.9,21.0,2,753.37,5.0
STF-00588,Compliance & Risk,AML Investigator,"aml_compliance,leadership,credit_risk,it_support",Retail Banking,Teller,"sales_advisory,customer_service,branch_management",2.9,20.0,3,740.08,8.1
STF-00589,Retail Banking,Branch Supervisor,"sales_advisory,branch_management,customer_service,loan_underwriting",Retail Banking,Teller,"teller_ops,branch_management",2.1,25.0,3,683.88,0.0
STF-00590,Retail Banking,Customer Service Rep,"customer_service,branch_management,sales_advisory",Retail Banking,Branch Officer,"customer_service,sales_advisory,branch_management",7.4,22.0,3,962.35,9.5
STF-00591,Compliance & Risk,Risk Analyst,"credit_risk,aml_compliance,leadership,cybersecurity",Private & Wealth,Wealth Advisor,"wealth_management,leadership",7.8,16.0,3,817.99,0.0
STF-00592,Retail Banking,Branch Supervisor,"sales_advisory,branch_management,teller_ops,customer_service",Retail Banking,Branch Supervisor,"sales_advisory,customer_service",5.2,16.0,4,940.61,6.1
STF-00593,Retail Banking,Branch Officer,"customer_service,teller_ops,sales_advisory",Private & Wealth,Relationship Manager,"wealth_management,leadership,customer_service",8.0,14.0,1,799.13,6.3
STF-00594,Treasury & Markets,Markets Associate,"forex_ops,treasury_ops,data_analytics",Treasury & Markets,Treasury Analyst,"forex_ops,data_analytics,credit_risk",3.3,18.0,2,782.87,6.7
STF-00595,Credit & Lending,Underwriter,"credit_risk,loan_underwriting,branch_management",Compliance & Risk,AML Investigator,"leadership,cybersecurity,credit_risk",2.5,20.0,2,587.57,6.9
STF-00596,Credit & Lending,Credit Analyst,"data_analytics,aml_compliance,credit_risk,loan_underwriting",Credit & Lending,Lending Manager,"aml_compliance,credit_risk,sales_advisory",0.9,22.0,5,701.68,8.2
STF-00597,Credit & Lending,Credit Analyst,"data_analytics,loan_underwriting,wealth_management",Credit & Lending,Lending Manager,"data_analytics,aml_compliance,credit_risk,treasury_ops",6.8,9.0,3,805.51,3.7
STF-00598,Credit & Lending,Credit Analyst,"loan_underwriting,data_analytics,aml_compliance,credit_risk,branch_management",Compliance & Risk,AML Investigator,"cybersecurity,aml_compliance",0.7,20.0,5,800.17,5.6
STF-00599,Digital & IT,IT Support Analyst,"data_analytics,cybersecurity,digital_banking,it_support,credit_risk",Compliance & Risk,Compliance Officer,"credit_risk,leadership,aml_compliance,forex_ops",8.6,19.0,3,972.39,10.3
STF-00600,Private & Wealth,Wealth Advisor,"sales_advisory,customer_service,wealth_management,leadership",Private & Wealth,Private Banker,"sales_advisory,wealth_management,leadership,customer_service",2.9,18.0,3,863.14,8.2
STF-00601,Private & Wealth,Private Banker,"sales_advisory,wealth_management,leadership,customer_service",Private & Wealth,Private Banker,"customer_service,wealth_management,sales_advisory",3.0,27.0,4,664.07,0.0
STF-00602,Private & Wealth,Private Banker,"leadership,sales_advisory,wealth_management,it_support",Private & Wealth,Relationship Manager,"leadership,customer_service,sales_advisory,aml_compliance",7.4,12.0,3,744.93,0.0
STF-00603,Credit & Lending,Underwriter,"data_analytics,loan_underwriting",Credit & Lending,Underwriter,"aml_compliance,loan_underwriting",7.3,15.0,2,894.23,0.0
STF-00604,Digital & IT,IT Support Analyst,"digital_banking,it_support,data_analytics,cybersecurity,treasury_ops",Digital & IT,Systems Administrator,"it_support,data_analytics,digital_banking",6.6,17.0,3,629.59,4.5
STF-00605,Digital & IT,Systems Administrator,"digital_banking,data_analytics,it_support,cybersecurity",Digital & IT,Systems Administrator,"data_analytics,digital_banking",5.2,19.0,3,723.52,3.2
STF-00606,Private & Wealth,Wealth Advisor,"customer_service,wealth_management",Private & Wealth,Wealth Advisor,"leadership,sales_advisory,wealth_management",4.6,15.0,3,777.2,10.7
STF-00607,Compliance & Risk,AML Investigator,"leadership,aml_compliance,credit_risk,cybersecurity,it_support",Compliance & Risk,Risk Analyst,"aml_compliance,leadership",11.7,18.0,3,1039.89,5.4
STF-00608,Compliance & Risk,Compliance Officer,"cybersecurity,credit_risk",Digital & IT,IT Support Analyst,"it_support,data_analytics,cybersecurity",4.5,17.0,3,672.19,12.8
STF-00609,Private & Wealth,Relationship Manager,"sales_advisory,customer_service,wealth_management,teller_ops",Credit & Lending,Lending Manager,"aml_compliance,data_analytics,loan_underwriting,digital_banking",7.4,19.0,4,777.78,10.7
STF-00610,Credit & Lending,Lending Manager,"credit_risk,data_analytics,loan_underwriting,aml_compliance",Private & Wealth,Wealth Advisor,"leadership,customer_service,wealth_management,forex_ops",3.1,20.0,3,732.01,7.6
STF-00611,Compliance & Risk,AML Investigator,"aml_compliance,credit_risk,cybersecurity",Compliance & Risk,Compliance Officer,"credit_risk,cybersecurity,aml_compliance",2.1,23.0,4,451.75,1.2
STF-00612,Digital & IT,IT Support Analyst,"cybersecurity,digital_banking,data_analytics,it_support",Compliance & Risk,AML Investigator,"cybersecurity,leadership,treasury_ops",5.1,9.0,3,735.8,1.4
STF-00613,Compliance & Risk,Risk Analyst,"cybersecurity,aml_compliance,leadership",Compliance & Risk,AML Investigator,"aml_compliance,leadership",9.8,21.0,2,853.82,9.0
STF-00614,Treasury & Markets,Markets Associate,"treasury_ops,forex_ops",Treasury & Markets,FX Dealer,"treasury_ops,forex_ops,data_analytics",5.8,12.0,5,815.94,9.3
STF-00615,Treasury & Markets,Markets Associate,"treasury_ops,data_analytics,credit_risk",Treasury & Markets,Treasury Analyst,"treasury_ops,credit_risk",6.1,20.0,4,826.12,5.5
STF-00616,Private & Wealth,Relationship Manager,"leadership,sales_advisory,customer_service",Compliance & Risk,Risk Analyst,"credit_risk,leadership",4.5,18.0,3,749.8,6.4
STF-00617,Compliance & Risk,Risk Analyst,"aml_compliance,cybersecurity,credit_risk,leadership,treasury_ops",Digital & IT,IT Support Analyst,"data_analytics,digital_banking",6.5,16.0,3,897.14,3.2
STF-00618,Compliance & Risk,AML Investigator,"leadership,credit_risk,aml_compliance,data_analytics",Credit & Lending,Underwriter,"credit_risk,loan_underwriting,forex_ops",2.8,22.0,2,526.56,1.7
STF-00619,Retail Banking,Customer Service Rep,"teller_ops,customer_service,wealth_management",Retail Banking,Branch Officer,"branch_management,sales_advisory,customer_service",8.5,24.0,4,679.64,4.6
STF-00620,Retail Banking,Teller,"customer_service,teller_ops,sales_advisory",Retail Banking,Customer Service Rep,"sales_advisory,branch_management,it_support",17.1,19.0,3,1093.07,9.1
STF-00621,Private & Wealth,Private Banker,"customer_service,leadership,sales_advisory,forex_ops",Treasury & Markets,Treasury Analyst,"data_analytics,forex_ops,it_support",2.9,17.0,3,606.6,3.3
STF-00622,Credit & Lending,Credit Analyst,"data_analytics,aml_compliance,credit_risk,loan_underwriting,wealth_management",Credit & Lending,Credit Analyst,"credit_risk,aml_compliance,data_analytics",3.5,13.0,3,728.96,6.2
STF-00623,Digital & IT,Digital Banking Officer,"cybersecurity,digital_banking,data_analytics,it_support",Digital & IT,Digital Banking Officer,"digital_banking,cybersecurity,it_support,loan_underwriting",5.9,19.0,4,643.29,6.2
STF-00624,Private & Wealth,Wealth Advisor,"leadership,sales_advisory,customer_service",Compliance & Risk,Compliance Officer,"aml_compliance,credit_risk,leadership",1.5,14.0,1,531.72,9.5
STF-00625,Private & Wealth,Relationship Manager,"leadership,wealth_management",Digital & IT,Digital Banking Officer,"cybersecurity,it_support,data_analytics",10.9,24.0,3,862.15,8.0
STF-00626,Retail Banking,Teller,"branch_management,teller_ops,sales_advisory",Retail Banking,Teller,"branch_management,teller_ops",11.1,17.0,3,965.98,6.1
STF-00627,Credit & Lending,Credit Analyst,"loan_underwriting,credit_risk,aml_compliance",Credit & Lending,Lending Manager,"data_analytics,aml_compliance,credit_risk",6.4,19.0,4,956.49,0.0
STF-00628,Treasury & Markets,Treasury Analyst,"credit_risk,forex_ops",Treasury & Markets,Markets Associate,"forex_ops,treasury_ops",13.5,17.0,2,812.57,7.4
STF-00629,Private & Wealth,Private Banker,"sales_advisory,wealth_management,leadership",Private & Wealth,Private Banker,"sales_advisory,customer_service,leadership",2.6,11.0,4,735.94,8.1
STF-00630,Credit & Lending,Lending Manager,"loan_underwriting,data_analytics,aml_compliance,credit_risk,cybersecurity",Digital & IT,IT Support Analyst,"digital_banking,data_analytics,cybersecurity,forex_ops",2.7,23.0,3,620.33,0.0
STF-00631,Retail Banking,Branch Supervisor,"teller_ops,customer_service,sales_advisory,branch_management,treasury_ops",Retail Banking,Customer Service Rep,"teller_ops,customer_service,branch_management",0.7,22.0,4,704.31,9.1
STF-00632,Retail Banking,Teller,"branch_management,sales_advisory,teller_ops",Retail Banking,Branch Supervisor,"branch_management,customer_service,teller_ops",1.1,17.0,2,673.25,3.5
STF-00633,Retail Banking,Customer Service Rep,"sales_advisory,branch_management",Retail Banking,Teller,"branch_management,teller_ops,customer_service",2.9,28.0,4,924.59,3.0
STF-00634,Retail Banking,Customer Service Rep,"sales_advisory,customer_service",Retail Banking,Customer Service Rep,"branch_management,teller_ops,customer_service,leadership",0.5,11.0,2,752.5,5.2
STF-00635,Private & Wealth,Relationship Manager,"customer_service,sales_advisory,wealth_management,leadership",Private & Wealth,Private Banker,"leadership,sales_advisory,wealth_management",1.9,16.0,3,640.39,0.0
STF-00636,Credit & Lending,Underwriter,"credit_risk,data_analytics,sales_advisory",Digital & IT,Digital Banking Officer,"digital_banking,cybersecurity,branch_management",2.7,23.0,3,512.4,9.5
STF-00637,Treasury & Markets,FX Dealer,"credit_risk,data_analytics,cybersecurity",Compliance & Risk,AML Investigator,"leadership,credit_risk",6.1,17.0,2,760.57,9.1
STF-00638,Retail Banking,Branch Supervisor,"branch_management,customer_service,teller_ops,sales_advisory",Retail Banking,Branch Supervisor,"sales_advisory,customer_service,it_support",5.5,19.0,3,779.05,3.5
STF-00639,Treasury & Markets,Markets Associate,"forex_ops,data_analytics",Treasury & Markets,Markets Associate,"treasury_ops,data_analytics,credit_risk",11.7,20.0,4,854.62,9.1
STF-00640,Credit & Lending,Credit Analyst,"credit_risk,loan_underwriting",Credit & Lending,Underwriter,"data_analytics,aml_compliance,loan_underwriting",4.3,23.0,3,674.39,10.4
STF-00641,Private & Wealth,Private Banker,"wealth_management,leadership,sales_advisory,branch_management",Credit & Lending,Underwriter,"aml_compliance,data_analytics",5.0,18.0,3,913.21,8.1
STF-00642,Private & Wealth,Private Banker,"leadership,wealth_management,sales_advisory,customer_service",Retail Banking,Branch Supervisor,"sales_advisory,branch_management,treasury_ops",1.3,20.0,3,882.32,4.9
STF-00643,Credit & Lending,Underwriter,"loan_underwriting,aml_compliance,data_analytics",Retail Banking,Customer Service Rep,"sales_advisory,branch_management,loan_underwriting",10.1,10.0,3,706.48,6.8
STF-00644,Compliance & Risk,Risk Analyst,"leadership,cybersecurity",Credit & Lending,Lending Manager,"data_analytics,credit_risk,loan_underwriting",5.5,19.0,2,689.17,1.2
STF-00645,Retail Banking,Customer Service Rep,"sales_advisory,branch_management,customer_service,loan_underwriting",Retail Banking,Teller,"sales_advisory,teller_ops,customer_service",5.8,23.0,3,832.44,3.2
STF-00646,Digital & IT,IT Support Analyst,"digital_banking,data_analytics,cybersecurity,customer_service",Retail Banking,Customer Service Rep,"sales_advisory,teller_ops,leadership",2.9,15.0,5,869.07,3.2
STF-00647,Credit & Lending,Loan Officer,"data_analytics,loan_underwriting",Digital & IT,IT Support Analyst,"it_support,cybersecurity",3.1,18.0,2,839.43,12.7
STF-00648,Retail Banking,Branch Supervisor,"branch_management,teller_ops,sales_advisory,customer_service,credit_risk",Digital & IT,Digital Banking Officer,"digital_banking,data_analytics",0.9,17.0,4,814.17,0.0
STF-00649,Retail Banking,Branch Officer,"branch_management,customer_service,sales_advisory,teller_ops",Retail Banking,Branch Supervisor,"sales_advisory,customer_service",1.3,25.0,5,779.44,5.8
STF-00650,Digital & IT,Digital Banking Officer,"cybersecurity,it_support",Compliance & Risk,Compliance Officer,"aml_compliance,credit_risk,leadership",7.0,23.0,2,889.7,13.7
STF-00651,Compliance & Risk,Risk Analyst,"leadership,cybersecurity,credit_risk,aml_compliance,it_support",Treasury & Markets,Treasury Analyst,"credit_risk,forex_ops,data_analytics,branch_management",2.7,19.0,2,618.45,7.6
STF-00652,Private & Wealth,Private Banker,"sales_advisory,leadership,customer_service,it_support",Digital & IT,Digital Banking Officer,"it_support,data_analytics,teller_ops",0.8,18.0,4,663.77,7.1
STF-00653,Credit & Lending,Underwriter,"aml_compliance,credit_risk,loan_underwriting,data_analytics,cybersecurity",Credit & Lending,Credit Analyst,"loan_underwriting,aml_compliance,data_analytics",4.8,17.0,3,968.09,9.9
STF-00654,Digital & IT,IT Support Analyst,"digital_banking,data_analytics,it_support,cybersecurity,aml_compliance",Retail Banking,Branch Officer,"branch_management,teller_ops,sales_advisory",4.7,15.0,3,1071.14,5.1
STF-00655,Digital & IT,Digital Banking Officer,"cybersecurity,digital_banking,it_support,data_analytics,customer_service",Credit & Lending,Underwriter,"aml_compliance,credit_risk,loan_underwriting,forex_ops",2.3,17.0,1,690.06,4.9
STF-00656,Digital & IT,Systems Administrator,"data_analytics,cybersecurity,digital_banking",Credit & Lending,Credit Analyst,"credit_risk,data_analytics,aml_compliance,it_support",10.9,20.0,3,1074.85,1.0
STF-00657,Digital & IT,IT Support Analyst,"digital_banking,it_support,cybersecurity",Digital & IT,Systems Administrator,"data_analytics,it_support",4.2,18.0,3,934.82,5.5
STF-00658,Digital & IT,Digital Banking Officer,"data_analytics,it_support,cybersecurity,digital_banking",Digital & IT,Digital Banking Officer,"it_support,digital_banking",4.5,26.0,3,811.82,9.1
STF-00659,Private & Wealth,Private Banker,"customer_service,wealth_management,leadership,sales_advisory",Private & Wealth,Relationship Manager,"customer_service,sales_advisory,leadership",5.7,12.0,4,756.25,2.2
STF-00660,Treasury & Markets,Markets Associate,"data_analytics,forex_ops,wealth_management",Treasury & Markets,Markets Associate,"treasury_ops,data_analytics",3.4,13.0,3,756.64,2.2
STF-00661,Retail Banking,Branch Officer,"customer_service,sales_advisory",Retail Banking,Teller,"branch_management,teller_ops,customer_service",7.7,20.0,5,828.32,3.3
STF-00662,Retail Banking,Customer Service Rep,"teller_ops,branch_management,customer_service,sales_advisory,credit_risk",Retail Banking,Branch Supervisor,"customer_service,sales_advisory,branch_management",9.5,17.0,3,868.27,11.8
STF-00663,Treasury & Markets,Treasury Analyst,"treasury_ops,forex_ops,credit_risk,teller_ops",Treasury & Markets,FX Dealer,"forex_ops,data_analytics,treasury_ops",6.2,17.0,4,645.71,1.4
STF-00664,Treasury & Markets,Markets Associate,"data_analytics,treasury_ops,loan_underwriting",Private & Wealth,Relationship Manager,"wealth_management,sales_advisory,loan_underwriting",0.9,17.0,2,704.72,17.1
STF-00665,Credit & Lending,Loan Officer,"aml_compliance,data_analytics",Digital & IT,IT Support Analyst,"data_analytics,digital_banking,it_support",11.5,22.0,3,1001.2,1.7
STF-00666,Compliance & Risk,AML Investigator,"credit_risk,aml_compliance,leadership,digital_banking",Compliance & Risk,AML Investigator,"credit_risk,cybersecurity,leadership",3.2,19.0,4,781.64,10.0
STF-00667,Private & Wealth,Private Banker,"leadership,wealth_management,customer_service",Private & Wealth,Relationship Manager,"customer_service,leadership,wealth_management",1.3,23.0,3,720.92,9.0
STF-00668,Compliance & Risk,Risk Analyst,"cybersecurity,aml_compliance,leadership",Compliance & Risk,Compliance Officer,"aml_compliance,credit_risk,leadership",1.7,15.0,3,859.38,7.6
STF-00669,Digital & IT,IT Support Analyst,"cybersecurity,digital_banking,data_analytics,it_support",Treasury & Markets,FX Dealer,"treasury_ops,credit_risk,data_analytics,customer_service",4.0,19.0,3,755.6,3.9
STF-00670,Digital & IT,IT Support Analyst,"data_analytics,it_support",Private & Wealth,Wealth Advisor,"leadership,sales_advisory",14.8,18.0,3,1047.47,3.0
STF-00671,Credit & Lending,Loan Officer,"loan_underwriting,aml_compliance,credit_risk,data_analytics",Retail Banking,Branch Supervisor,"teller_ops,customer_service,digital_banking",3.6,24.0,4,796.58,5.0
STF-00672,Private & Wealth,Wealth Advisor,"sales_advisory,customer_service",Credit & Lending,Loan Officer,"loan_underwriting,credit_risk,aml_compliance,treasury_ops",4.1,11.0,2,831.33,0.0
STF-00673,Treasury & Markets,Markets Associate,"credit_risk,treasury_ops",Treasury & Markets,Treasury Analyst,"data_analytics,credit_risk",1.7,14.0,1,669.69,9.0
STF-00674,Retail Banking,Customer Service Rep,"branch_management,customer_service,credit_risk",Digital & IT,Systems Administrator,"data_analytics,digital_banking,cybersecurity",9.3,16.0,4,789.46,10.5
STF-00675,Retail Banking,Customer Service Rep,"teller_ops,branch_management,digital_banking",Retail Banking,Branch Supervisor,"teller_ops,sales_advisory",7.4,17.0,2,933.76,6.2
STF-00676,Digital & IT,IT Support Analyst,"digital_banking,data_analytics,cybersecurity,it_support",Digital & IT,IT Support Analyst,"it_support,cybersecurity,digital_banking",1.6,26.0,3,485.45,5.7
STF-00677,Retail Banking,Branch Officer,"teller_ops,branch_management,sales_advisory",Retail Banking,Customer Service Rep,"teller_ops,sales_advisory,treasury_ops",6.5,12.0,4,916.58,10.0
STF-00678,Credit & Lending,Lending Manager,"credit_risk,aml_compliance",Retail Banking,Customer Service Rep,"branch_management,customer_service",0.7,16.0,3,602.77,3.1
STF-00679,Treasury & Markets,Markets Associate,"forex_ops,data_analytics,treasury_ops,cybersecurity",Compliance & Risk,Compliance Officer,"cybersecurity,credit_risk,leadership,treasury_ops",3.3,12.0,2,786.86,8.0
STF-00680,Private & Wealth,Relationship Manager,"leadership,customer_service",Private & Wealth,Relationship Manager,"sales_advisory,wealth_management",10.4,15.0,3,1002.41,12.0
STF-00681,Private & Wealth,Wealth Advisor,"leadership,wealth_management,customer_service",Private & Wealth,Relationship Manager,"sales_advisory,wealth_management,leadership,customer_service",5.1,17.0,2,674.51,3.8
STF-00682,Private & Wealth,Wealth Advisor,"sales_advisory,leadership",Digital & IT,Systems Administrator,"digital_banking,it_support",4.7,14.0,3,1067.88,4.1
STF-00683,Private & Wealth,Wealth Advisor,"sales_advisory,leadership,wealth_management,customer_service,aml_compliance",Private & Wealth,Wealth Advisor,"customer_service,sales_advisory",4.7,14.0,2,760.04,5.0
STF-00684,Credit & Lending,Underwriter,"data_analytics,loan_underwriting",Credit & Lending,Underwriter,"loan_underwriting,data_analytics,credit_risk",11.0,22.0,1,1250.82,0.0
STF-00685,Compliance & Risk,Compliance Officer,"aml_compliance,credit_risk,leadership,cybersecurity,wealth_management",Compliance & Risk,AML Investigator,"credit_risk,aml_compliance,leadership,teller_ops",2.4,18.0,2,892.32,6.5
STF-00686,Private & Wealth,Relationship Manager,"sales_advisory,leadership,customer_service,wealth_management",Retail Banking,Teller,"branch_management,sales_advisory",14.5,19.0,2,1100.91,8.5
STF-00687,Retail Banking,Customer Service Rep,"sales_advisory,branch_management,it_support",Retail Banking,Branch Supervisor,"customer_service,branch_management,teller_ops",11.9,17.0,2,914.45,9.9
STF-00688,Treasury & Markets,FX Dealer,"forex_ops,data_analytics",Treasury & Markets,Treasury Analyst,"forex_ops,data_analytics,treasury_ops",6.2,23.0,3,986.93,0.0
STF-00689,Compliance & Risk,Risk Analyst,"credit_risk,leadership,cybersecurity,aml_compliance,customer_service",Treasury & Markets,FX Dealer,"forex_ops,treasury_ops,teller_ops",10.0,16.0,3,955.2,12.9
STF-00690,Compliance & Risk,Risk Analyst,"leadership,cybersecurity",Treasury & Markets,Markets Associate,"forex_ops,data_analytics,credit_risk",1.2,6.0,3,613.51,0.0
STF-00691,Credit & Lending,Underwriter,"loan_underwriting,data_analytics",Credit & Lending,Loan Officer,"aml_compliance,credit_risk,loan_underwriting",5.1,27.0,2,945.04,9.4
STF-00692,Compliance & Risk,Compliance Officer,"credit_risk,leadership",Compliance & Risk,AML Investigator,"leadership,aml_compliance,credit_risk,treasury_ops",2.9,18.0,3,691.28,2.5
STF-00693,Credit & Lending,Underwriter,"aml_compliance,credit_risk,loan_underwriting,it_support",Treasury & Markets,FX Dealer,"treasury_ops,credit_risk,data_analytics",5.7,21.0,4,759.22,10.5
STF-00694,Treasury & Markets,Treasury Analyst,"credit_risk,data_analytics",Treasury & Markets,Treasury Analyst,"treasury_ops,data_analytics,forex_ops",6.2,7.0,4,734.6,3.0
STF-00695,Credit & Lending,Loan Officer,"aml_compliance,loan_underwriting,treasury_ops",Compliance & Risk,Risk Analyst,"leadership,credit_risk,aml_compliance",5.7,17.0,3,821.15,0.9
STF-00696,Credit & Lending,Lending Manager,"aml_compliance,data_analytics,credit_risk",Digital & IT,Systems Administrator,"digital_banking,it_support,cybersecurity,aml_compliance",0.7,13.0,4,646.75,6.5
STF-00697,Treasury & Markets,Treasury Analyst,"forex_ops,credit_risk,cybersecurity",Treasury & Markets,Treasury Analyst,"treasury_ops,data_analytics",2.1,21.0,2,551.38,4.4
STF-00698,Compliance & Risk,Compliance Officer,"credit_risk,aml_compliance,cybersecurity,leadership,loan_underwriting",Compliance & Risk,Compliance Officer,"leadership,cybersecurity",2.5,23.0,4,632.63,5.0
STF-00699,Retail Banking,Branch Supervisor,"sales_advisory,customer_service,branch_management",Treasury & Markets,Markets Associate,"data_analytics,treasury_ops,it_support",0.3,23.0,3,795.2,0.0
STF-00700,Credit & Lending,Credit Analyst,"data_analytics,credit_risk",Credit & Lending,Underwriter,"data_analytics,credit_risk,loan_underwriting",2.1,12.0,2,719.71,8.3
STF-00701,Retail Banking,Branch Supervisor,"customer_service,branch_management,teller_ops,sales_advisory,cybersecurity",Retail Banking,Customer Service Rep,"teller_ops,sales_advisory,branch_management",1.6,14.0,4,710.27,11.6
STF-00702,Credit & Lending,Underwriter,"aml_compliance,loan_underwriting,credit_risk",Compliance & Risk,AML Investigator,"cybersecurity,credit_risk,customer_service",2.8,18.0,4,722.19,0.5
STF-00703,Private & Wealth,Wealth Advisor,"leadership,sales_advisory,customer_service",Digital & IT,Systems Administrator,"digital_banking,data_analytics",3.4,13.0,2,859.97,0.0
STF-00704,Treasury & Markets,FX Dealer,"data_analytics,forex_ops,credit_risk,treasury_ops,aml_compliance",Digital & IT,Systems Administrator,"cybersecurity,data_analytics,it_support,treasury_ops",2.3,14.0,3,582.3,9.1
STF-00705,Credit & Lending,Credit Analyst,"aml_compliance,data_analytics,loan_underwriting,teller_ops",Credit & Lending,Underwriter,"aml_compliance,loan_underwriting,credit_risk",1.6,14.0,3,532.06,9.4
STF-00706,Treasury & Markets,FX Dealer,"forex_ops,credit_risk,data_analytics,treasury_ops,teller_ops",Treasury & Markets,Treasury Analyst,"data_analytics,treasury_ops,teller_ops",4.4,23.0,1,749.85,4.2
STF-00707,Digital & IT,IT Support Analyst,"digital_banking,it_support",Digital & IT,Digital Banking Officer,"digital_banking,cybersecurity,it_support",5.1,17.0,3,796.36,8.7
STF-00708,Treasury & Markets,Treasury Analyst,"credit_risk,data_analytics,forex_ops,branch_management",Compliance & Risk,Risk Analyst,"cybersecurity,leadership",3.1,23.0,4,749.28,3.9
STF-00709,Retail Banking,Customer Service Rep,"sales_advisory,teller_ops,customer_service,branch_management",Credit & Lending,Loan Officer,"loan_underwriting,data_analytics,credit_risk",3.7,13.0,2,682.27,7.3
STF-00710,Retail Banking,Branch Officer,"teller_ops,customer_service,sales_advisory,branch_management",Credit & Lending,Credit Analyst,"data_analytics,credit_risk",3.0,15.0,3,737.39,0.0
STF-00711,Retail Banking,Teller,"sales_advisory,branch_management",Retail Banking,Branch Officer,"sales_advisory,branch_management,customer_service,it_support",8.8,17.0,2,832.98,0.6
STF-00712,Credit & Lending,Credit Analyst,"data_analytics,aml_compliance,loan_underwriting",Retail Banking,Branch Officer,"branch_management,customer_service,sales_advisory",1.6,16.0,2,811.15,0.0
STF-00713,Private & Wealth,Wealth Advisor,"sales_advisory,customer_service,wealth_management",Private & Wealth,Private Banker,"customer_service,leadership,it_support",9.9,13.0,3,701.41,0.0
STF-00714,Digital & IT,Digital Banking Officer,"data_analytics,it_support,digital_banking,forex_ops",Digital & IT,Digital Banking Officer,"it_support,data_analytics,cybersecurity",2.5,16.0,3,611.45,0.9
STF-00715,Retail Banking,Customer Service Rep,"customer_service,teller_ops,sales_advisory",Private & Wealth,Relationship Manager,"customer_service,sales_advisory,data_analytics",5.3,14.0,3,874.22,7.6
STF-00716,Private & Wealth,Wealth Advisor,"wealth_management,customer_service,it_support",Retail Banking,Customer Service Rep,"customer_service,sales_advisory,teller_ops",3.6,22.0,1,637.33,8.7
STF-00717,Retail Banking,Branch Officer,"customer_service,teller_ops,sales_advisory",Retail Banking,Branch Officer,"teller_ops,customer_service,leadership",3.3,32.0,2,888.48,3.1
STF-00718,Retail Banking,Branch Officer,"sales_advisory,customer_service,teller_ops",Retail Banking,Teller,"customer_service,sales_advisory,teller_ops",2.3,20.0,4,612.97,6.9
STF-00719,Retail Banking,Branch Supervisor,"teller_ops,customer_service,branch_management,aml_compliance",Compliance & Risk,Risk Analyst,"credit_risk,cybersecurity",6.7,16.0,3,898.23,1.3
STF-00720,Digital & IT,IT Support Analyst,"data_analytics,cybersecurity,it_support",Private & Wealth,Wealth Advisor,"sales_advisory,wealth_management,customer_service",0.8,15.0,5,492.74,4.0
STF-00721,Compliance & Risk,Risk Analyst,"leadership,credit_risk,digital_banking",Compliance & Risk,AML Investigator,"leadership,cybersecurity,aml_compliance",0.9,15.0,2,731.03,7.8
STF-00722,Credit & Lending,Credit Analyst,"loan_underwriting,aml_compliance,teller_ops",Digital & IT,Systems Administrator,"it_support,data_analytics,cybersecurity",3.3,22.0,2,681.92,11.1
STF-00723,Treasury & Markets,Treasury Analyst,"treasury_ops,credit_risk,forex_ops,data_analytics",Compliance & Risk,Risk Analyst,"credit_risk,aml_compliance,leadership",2.2,17.0,2,523.89,9.2
STF-00724,Treasury & Markets,Markets Associate,"treasury_ops,forex_ops,credit_risk,data_analytics",Compliance & Risk,AML Investigator,"aml_compliance,cybersecurity,leadership,teller_ops",7.5,9.0,3,875.17,3.3
STF-00725,Digital & IT,Digital Banking Officer,"data_analytics,digital_banking,cybersecurity,it_support,treasury_ops",Digital & IT,IT Support Analyst,"it_support,digital_banking,sales_advisory",1.6,19.0,3,590.84,4.4
STF-00726,Treasury & Markets,Treasury Analyst,"forex_ops,credit_risk,customer_service",Treasury & Markets,Treasury Analyst,"treasury_ops,credit_risk",3.9,13.0,1,796.47,2.4
STF-00727,Treasury & Markets,Treasury Analyst,"credit_risk,treasury_ops,forex_ops,data_analytics",Compliance & Risk,Compliance Officer,"leadership,aml_compliance,cybersecurity",11.1,18.0,4,738.83,4.8
STF-00728,Credit & Lending,Loan Officer,"aml_compliance,credit_risk",Credit & Lending,Loan Officer,"credit_risk,loan_underwriting,aml_compliance",2.5,14.0,2,514.29,7.0
STF-00729,Retail Banking,Teller,"sales_advisory,customer_service",Credit & Lending,Credit Analyst,"loan_underwriting,aml_compliance,data_analytics,branch_management",4.0,9.0,4,621.07,2.0
STF-00730,Credit & Lending,Lending Manager,"loan_underwriting,credit_risk",Credit & Lending,Lending Manager,"loan_underwriting,data_analytics",2.8,16.0,1,706.36,6.3
STF-00731,Treasury & Markets,Treasury Analyst,"data_analytics,treasury_ops,forex_ops,credit_risk",Treasury & Markets,Markets Associate,"data_analytics,credit_risk",1.5,12.0,3,721.33,0.3
STF-00732,Digital & IT,IT Support Analyst,"cybersecurity,digital_banking,data_analytics,it_support",Digital & IT,IT Support Analyst,"cybersecurity,it_support,digital_banking",6.9,19.0,2,774.28,4.7
STF-00733,Compliance & Risk,AML Investigator,"aml_compliance,leadership,credit_risk,cybersecurity",Compliance & Risk,Compliance Officer,"credit_risk,cybersecurity",1.1,23.0,4,773.04,0.0
STF-00734,Credit & Lending,Underwriter,"data_analytics,credit_risk,aml_compliance,loan_underwriting",Credit & Lending,Loan Officer,"aml_compliance,loan_underwriting",3.2,23.0,2,808.27,0.0
STF-00735,Credit & Lending,Credit Analyst,"credit_risk,aml_compliance,loan_underwriting,data_analytics,teller_ops",Credit & Lending,Lending Manager,"aml_compliance,data_analytics",1.8,21.0,2,798.88,10.3
STF-00736,Credit & Lending,Underwriter,"aml_compliance,credit_risk,cybersecurity",Credit & Lending,Lending Manager,"loan_underwriting,aml_compliance,data_analytics",4.1,12.0,3,640.43,1.9
STF-00737,Credit & Lending,Lending Manager,"loan_underwriting,data_analytics,aml_compliance,credit_risk",Credit & Lending,Credit Analyst,"aml_compliance,loan_underwriting,credit_risk",4.0,19.0,3,653.96,5.9
STF-00738,Compliance & Risk,AML Investigator,"credit_risk,leadership,aml_compliance",Retail Banking,Teller,"customer_service,teller_ops,branch_management",3.3,23.0,3,758.76,5.0
STF-00739,Private & Wealth,Private Banker,"leadership,customer_service,wealth_management,sales_advisory",Private & Wealth,Relationship Manager,"wealth_management,leadership,sales_advisory",6.3,23.0,3,808.13,0.0
STF-00740,Credit & Lending,Credit Analyst,"credit_risk,loan_underwriting,aml_compliance,data_analytics",Credit & Lending,Loan Officer,"data_analytics,loan_underwriting,aml_compliance,sales_advisory",0.4,27.0,3,911.48,4.2
STF-00741,Private & Wealth,Wealth Advisor,"customer_service,sales_advisory,wealth_management,aml_compliance",Credit & Lending,Loan Officer,"data_analytics,loan_underwriting",13.3,12.0,3,1036.16,10.7
STF-00742,Private & Wealth,Relationship Manager,"wealth_management,sales_advisory,customer_service",Credit & Lending,Underwriter,"loan_underwriting,data_analytics,digital_banking",4.4,16.0,2,724.72,3.0
STF-00743,Credit & Lending,Loan Officer,"aml_compliance,data_analytics,loan_underwriting",Credit & Lending,Underwriter,"aml_compliance,loan_underwriting,data_analytics",1.4,22.0,3,626.36,4.9
STF-00744,Private & Wealth,Wealth Advisor,"customer_service,wealth_management,treasury_ops",Private & Wealth,Relationship Manager,"sales_advisory,wealth_management,leadership,teller_ops",2.9,20.0,3,789.06,0.0
STF-00745,Retail Banking,Branch Officer,"branch_management,teller_ops",Digital & IT,Systems Administrator,"cybersecurity,digital_banking",2.5,16.0,3,684.67,5.3
STF-00746,Private & Wealth,Private Banker,"sales_advisory,leadership,wealth_management,treasury_ops",Private & Wealth,Relationship Manager,"leadership,sales_advisory,aml_compliance",3.5,19.0,2,797.03,5.0
STF-00747,Credit & Lending,Underwriter,"data_analytics,loan_underwriting,credit_risk,aml_compliance,teller_ops",Compliance & Risk,Compliance Officer,"leadership,aml_compliance,credit_risk",7.7,12.0,4,912.06,6.4
STF-00748,Credit & Lending,Credit Analyst,"aml_compliance,loan_underwriting,data_analytics,digital_banking",Credit & Lending,Lending Manager,"aml_compliance,data_analytics,credit_risk,digital_banking",3.4,10.0,5,639.69,0.0
STF-00749,Retail Banking,Branch Supervisor,"teller_ops,branch_management,loan_underwriting",Retail Banking,Teller,"sales_advisory,branch_management,customer_service",5.2,20.0,2,847.54,0.0
STF-00750,Compliance & Risk,Compliance Officer,"leadership,credit_risk,aml_compliance",Compliance & Risk,AML Investigator,"aml_compliance,cybersecurity,leadership",11.9,29.0,3,875.83,8.5
STF-00751,Private & Wealth,Private Banker,"leadership,sales_advisory,wealth_management,aml_compliance",Digital & IT,Systems Administrator,"digital_banking,cybersecurity,it_support",1.9,19.0,4,724.54,11.4
STF-00752,Treasury & Markets,FX Dealer,"data_analytics,forex_ops,treasury_ops,credit_risk",Treasury & Markets,FX Dealer,"data_analytics,credit_risk,forex_ops,leadership",2.3,15.0,4,560.24,7.6
STF-00753,Compliance & Risk,Risk Analyst,"leadership,aml_compliance,wealth_management",Compliance & Risk,Risk Analyst,"credit_risk,leadership,cybersecurity,sales_advisory",1.5,15.0,3,683.63,0.0
STF-00754,Compliance & Risk,Compliance Officer,"leadership,cybersecurity,credit_risk,loan_underwriting",Treasury & Markets,Markets Associate,"treasury_ops,credit_risk,forex_ops",9.0,20.0,1,862.04,5.5
STF-00755,Digital & IT,Digital Banking Officer,"cybersecurity,digital_banking,it_support,data_analytics",Digital & IT,Digital Banking Officer,"digital_banking,it_support",5.1,18.0,2,869.17,4.4
STF-00756,Private & Wealth,Private Banker,"leadership,wealth_management,sales_advisory,customer_service",Private & Wealth,Relationship Manager,"customer_service,leadership,forex_ops",3.3,16.0,2,560.95,0.0
STF-00757,Treasury & Markets,Treasury Analyst,"forex_ops,treasury_ops,branch_management",Treasury & Markets,FX Dealer,"treasury_ops,forex_ops,teller_ops",5.9,24.0,4,857.17,8.0
STF-00758,Treasury & Markets,FX Dealer,"data_analytics,treasury_ops,credit_risk,forex_ops",Treasury & Markets,FX Dealer,"credit_risk,treasury_ops",1.8,13.0,3,923.22,5.6
STF-00759,Treasury & Markets,Markets Associate,"treasury_ops,forex_ops",Treasury & Markets,Markets Associate,"data_analytics,credit_risk,treasury_ops",7.1,16.0,1,883.33,11.9
STF-00760,Treasury & Markets,FX Dealer,"credit_risk,treasury_ops,forex_ops,data_analytics",Treasury & Markets,FX Dealer,"data_analytics,forex_ops,credit_risk,leadership",1.8,17.0,3,836.4,0.0
STF-00761,Treasury & Markets,Markets Associate,"treasury_ops,credit_risk,forex_ops,data_analytics,branch_management",Treasury & Markets,Markets Associate,"treasury_ops,forex_ops,data_analytics",2.0,15.0,3,553.43,4.8
STF-00762,Retail Banking,Teller,"branch_management,teller_ops,sales_advisory,customer_service",Credit & Lending,Loan Officer,"credit_risk,loan_underwriting,aml_compliance",2.5,22.0,4,797.49,9.1
STF-00763,Credit & Lending,Loan Officer,"data_analytics,credit_risk",Credit & Lending,Credit Analyst,"loan_underwriting,aml_compliance",8.2,20.0,3,979.38,16.5
STF-00764,Digital & IT,IT Support Analyst,"digital_banking,cybersecurity,it_support,data_analytics,aml_compliance",Digital & IT,IT Support Analyst,"it_support,digital_banking",7.8,20.0,2,961.56,5.4
STF-00765,Digital & IT,IT Support Analyst,"data_analytics,digital_banking,it_support,treasury_ops",Digital & IT,IT Support Analyst,"digital_banking,it_support,cybersecurity",8.3,21.0,4,914.41,9.3
STF-00766,Credit & Lending,Underwriter,"data_analytics,loan_underwriting,aml_compliance,credit_risk,teller_ops",Credit & Lending,Credit Analyst,"credit_risk,aml_compliance,loan_underwriting",7.8,21.0,3,941.7,6.2
STF-00767,Private & Wealth,Wealth Advisor,"wealth_management,sales_advisory,leadership,customer_service",Private & Wealth,Private Banker,"sales_advisory,wealth_management,treasury_ops",7.0,15.0,3,902.87,8.3
STF-00768,Treasury & Markets,Markets Associate,"data_analytics,forex_ops",Treasury & Markets,Markets Associate,"forex_ops,credit_risk,data_analytics",1.2,17.0,3,707.89,3.8
STF-00769,Treasury & Markets,Treasury Analyst,"data_analytics,forex_ops,it_support",Treasury & Markets,Treasury Analyst,"data_analytics,treasury_ops,forex_ops",14.5,16.0,3,909.13,6.4
STF-00770,Credit & Lending,Credit Analyst,"credit_risk,loan_underwriting,aml_compliance,data_analytics",Credit & Lending,Underwriter,"credit_risk,loan_underwriting,data_analytics",1.3,13.0,2,549.35,0.0
STF-00771,Credit & Lending,Lending Manager,"data_analytics,loan_underwriting,credit_risk,aml_compliance",Credit & Lending,Credit Analyst,"credit_risk,loan_underwriting",12.6,16.0,2,1006.9,7.3
STF-00772,Private & Wealth,Private Banker,"wealth_management,leadership",Credit & Lending,Lending Manager,"aml_compliance,loan_underwriting,credit_risk",2.0,19.0,2,612.74,5.4
STF-00773,Digital & IT,Digital Banking Officer,"it_support,cybersecurity,forex_ops",Digital & IT,IT Support Analyst,"data_analytics,digital_banking,cybersecurity",10.4,16.0,2,958.26,7.0
STF-00774,Retail Banking,Customer Service Rep,"sales_advisory,customer_service,branch_management,teller_ops",Treasury & Markets,Treasury Analyst,"forex_ops,data_analytics",3.5,13.0,3,809.19,5.9
STF-00775,Treasury & Markets,Treasury Analyst,"credit_risk,data_analytics,treasury_ops",Treasury & Markets,Treasury Analyst,"data_analytics,credit_risk,customer_service",8.6,13.0,4,940.95,11.0
STF-00776,Retail Banking,Branch Officer,"sales_advisory,customer_service,digital_banking",Digital & IT,Systems Administrator,"cybersecurity,digital_banking",1.2,21.0,4,610.72,0.0
STF-00777,Compliance & Risk,Risk Analyst,"cybersecurity,leadership,aml_compliance,credit_risk",Compliance & Risk,AML Investigator,"leadership,cybersecurity,credit_risk,wealth_management",1.5,16.0,4,729.64,8.7
STF-00778,Treasury & Markets,FX Dealer,"treasury_ops,forex_ops,credit_risk,data_analytics,wealth_management",Treasury & Markets,Treasury Analyst,"credit_risk,treasury_ops,data_analytics",3.9,24.0,2,610.67,8.5
STF-00779,Digital & IT,Digital Banking Officer,"data_analytics,cybersecurity,aml_compliance",Retail Banking,Customer Service Rep,"teller_ops,customer_service",7.0,18.0,5,749.15,1.2
STF-00780,Digital & IT,IT Support Analyst,"cybersecurity,digital_banking",Digital & IT,Systems Administrator,"it_support,digital_banking,treasury_ops",1.3,22.0,2,784.32,12.4
STF-00781,Private & Wealth,Private Banker,"customer_service,wealth_management,leadership,sales_advisory,teller_ops",Private & Wealth,Wealth Advisor,"wealth_management,leadership",4.2,20.0,3,779.97,5.6
STF-00782,Retail Banking,Branch Officer,"customer_service,sales_advisory,teller_ops,branch_management,wealth_management",Private & Wealth,Private Banker,"customer_service,wealth_management,sales_advisory",5.7,18.0,1,1035.2,8.9
STF-00783,Credit & Lending,Credit Analyst,"credit_risk,aml_compliance,loan_underwriting,digital_banking",Credit & Lending,Credit Analyst,"data_analytics,aml_compliance",4.5,15.0,3,891.38,8.6
STF-00784,Digital & IT,IT Support Analyst,"digital_banking,data_analytics,cybersecurity,it_support",Digital & IT,IT Support Analyst,"it_support,digital_banking,treasury_ops",9.9,18.0,2,883.04,0.0
STF-00785,Credit & Lending,Lending Manager,"aml_compliance,credit_risk,data_analytics",Compliance & Risk,AML Investigator,"aml_compliance,cybersecurity,sales_advisory",5.9,21.0,3,680.52,2.2
STF-00786,Private & Wealth,Relationship Manager,"leadership,customer_service,digital_banking",Private & Wealth,Private Banker,"wealth_management,customer_service,leadership",4.6,15.0,2,965.58,10.3
STF-00787,Digital & IT,Systems Administrator,"cybersecurity,digital_banking,it_support",Compliance & Risk,AML Investigator,"leadership,cybersecurity",4.1,19.0,2,742.13,8.7
STF-00788,Treasury & Markets,FX Dealer,"credit_risk,data_analytics",Private & Wealth,Relationship Manager,"sales_advisory,wealth_management,leadership",4.4,17.0,3,961.43,0.0
STF-00789,Treasury & Markets,Markets Associate,"treasury_ops,forex_ops,data_analytics,branch_management",Treasury & Markets,Markets Associate,"forex_ops,treasury_ops,data_analytics,credit_risk",2.3,13.0,1,765.6,8.0
STF-00790,Treasury & Markets,FX Dealer,"forex_ops,treasury_ops,data_analytics,it_support",Treasury & Markets,FX Dealer,"credit_risk,forex_ops",8.1,23.0,1,532.51,4.7
STF-00791,Retail Banking,Teller,"branch_management,sales_advisory,teller_ops,digital_banking",Treasury & Markets,Markets Associate,"treasury_ops,forex_ops,data_analytics,it_support",6.6,20.0,4,704.18,4.7
STF-00792,Digital & IT,Systems Administrator,"it_support,digital_banking,data_analytics,cybersecurity",Retail Banking,Branch Supervisor,"branch_management,teller_ops,customer_service",6.8,19.0,3,619.44,7.5
STF-00793,Credit & Lending,Underwriter,"data_analytics,credit_risk,aml_compliance,wealth_management",Credit & Lending,Loan Officer,"aml_compliance,data_analytics",2.2,19.0,3,760.24,7.4
STF-00794,Retail Banking,Customer Service Rep,"teller_ops,branch_management,customer_service",Retail Banking,Branch Supervisor,"sales_advisory,customer_service",1.2,22.0,3,589.32,1.7
STF-00795,Private & Wealth,Wealth Advisor,"wealth_management,sales_advisory,loan_underwriting",Private & Wealth,Wealth Advisor,"leadership,customer_service,sales_advisory",3.5,25.0,2,831.25,1.1
STF-00796,Retail Banking,Teller,"customer_service,branch_management,teller_ops",Retail Banking,Teller,"teller_ops,sales_advisory,cybersecurity",9.2,12.0,1,967.25,8.3
STF-00797,Digital & IT,Systems Administrator,"data_analytics,it_support,digital_banking,cybersecurity,customer_service",Retail Banking,Teller,"sales_advisory,branch_management",5.9,20.0,3,896.02,7.0
STF-00798,Treasury & Markets,FX Dealer,"forex_ops,treasury_ops,credit_risk,branch_management",Treasury & Markets,FX Dealer,"forex_ops,data_analytics",3.3,14.0,3,665.04,0.3
STF-00799,Compliance & Risk,Compliance Officer,"aml_compliance,leadership,cybersecurity,credit_risk,wealth_management",Compliance & Risk,AML Investigator,"credit_risk,leadership,cybersecurity",4.9,19.0,2,799.44,6.3
STF-00800,Compliance & Risk,AML Investigator,"aml_compliance,cybersecurity,credit_risk,wealth_management",Private & Wealth,Wealth Advisor,"wealth_management,leadership,credit_risk",4.2,28.0,3,745.64,7.8
STF-00801,Retail Banking,Teller,"customer_service,branch_management,teller_ops,credit_risk",Retail Banking,Branch Supervisor,"branch_management,customer_service,sales_advisory",8.7,16.0,3,955.72,4.2
STF-00802,Retail Banking,Teller,"branch_management,teller_ops,customer_service,sales_advisory,loan_underwriting",Retail Banking,Customer Service Rep,"customer_service,branch_management,teller_ops,loan_underwriting",9.4,22.0,3,1146.91,10.4
STF-00803,Credit & Lending,Loan Officer,"aml_compliance,data_analytics,credit_risk,customer_service",Credit & Lending,Credit Analyst,"data_analytics,aml_compliance,loan_underwriting",3.7,14.0,2,746.1,3.6
STF-00804,Private & Wealth,Relationship Manager,"leadership,customer_service,sales_advisory,wealth_management,aml_compliance",Private & Wealth,Wealth Advisor,"wealth_management,leadership",3.5,18.0,3,754.12,1.4
STF-00805,Private & Wealth,Wealth Advisor,"leadership,customer_service,sales_advisory,wealth_management",Digital & IT,IT Support Analyst,"data_analytics,cybersecurity,digital_banking",3.2,25.0,2,665.95,2.3
STF-00806,Credit & Lending,Credit Analyst,"credit_risk,loan_underwriting,aml_compliance",Retail Banking,Branch Supervisor,"branch_management,customer_service,teller_ops",3.5,16.0,2,941.2,7.8
STF-00807,Credit & Lending,Credit Analyst,"credit_risk,loan_underwriting",Credit & Lending,Lending Manager,"aml_compliance,credit_risk,data_analytics",3.6,12.0,3,562.35,1.5
STF-00808,Retail Banking,Customer Service Rep,"sales_advisory,branch_management",Retail Banking,Teller,"sales_advisory,branch_management,teller_ops",7.3,16.0,2,689.72,6.0
STF-00809,Credit & Lending,Underwriter,"loan_underwriting,credit_risk,aml_compliance",Retail Banking,Teller,"teller_ops,customer_service,branch_management,loan_underwriting",4.5,17.0,3,588.5,2.1
STF-00810,Private & Wealth,Relationship Manager,"wealth_management,leadership",Private & Wealth,Wealth Advisor,"wealth_management,customer_service,sales_advisory,leadership",2.1,18.0,3,788.98,6.3
STF-00811,Digital & IT,Digital Banking Officer,"cybersecurity,data_analytics",Private & Wealth,Wealth Advisor,"customer_service,sales_advisory,wealth_management",7.7,28.0,4,785.91,8.9
STF-00812,Digital & IT,IT Support Analyst,"data_analytics,cybersecurity,digital_banking,it_support",Compliance & Risk,Compliance Officer,"cybersecurity,aml_compliance",4.9,17.0,2,725.04,9.4
STF-00813,Private & Wealth,Relationship Manager,"leadership,customer_service",Private & Wealth,Wealth Advisor,"wealth_management,leadership",0.7,19.0,2,781.41,7.7
STF-00814,Treasury & Markets,FX Dealer,"treasury_ops,credit_risk,data_analytics,forex_ops",Treasury & Markets,FX Dealer,"credit_risk,data_analytics,forex_ops",1.4,26.0,3,782.18,12.7
STF-00815,Retail Banking,Teller,"customer_service,teller_ops,sales_advisory",Retail Banking,Branch Officer,"customer_service,sales_advisory,teller_ops",5.0,20.0,3,811.77,4.0
STF-00816,Treasury & Markets,Treasury Analyst,"forex_ops,credit_risk,digital_banking",Credit & Lending,Credit Analyst,"loan_underwriting,aml_compliance,data_analytics",7.9,13.0,3,807.06,8.0
STF-00817,Retail Banking,Branch Supervisor,"customer_service,branch_management,sales_advisory,forex_ops",Retail Banking,Branch Officer,"sales_advisory,customer_service",11.0,26.0,3,1152.44,5.1
STF-00818,Treasury & Markets,Markets Associate,"data_analytics,treasury_ops,credit_risk,leadership",Credit & Lending,Underwriter,"data_analytics,loan_underwriting,customer_service",0.7,25.0,3,837.61,5.3
STF-00819,Compliance & Risk,AML Investigator,"credit_risk,cybersecurity,aml_compliance,leadership,it_support",Retail Banking,Branch Officer,"sales_advisory,branch_management",6.9,18.0,4,761.43,1.3
STF-00820,Digital & IT,Digital Banking Officer,"it_support,digital_banking,data_analytics",Retail Banking,Customer Service Rep,"customer_service,branch_management,teller_ops",12.2,16.0,1,984.49,6.7
STF-00821,Treasury & Markets,Treasury Analyst,"treasury_ops,credit_risk,data_analytics,forex_ops",Treasury & Markets,Markets Associate,"data_analytics,forex_ops",1.5,26.0,2,806.31,1.4
STF-00822,Retail Banking,Branch Officer,"teller_ops,branch_management",Private & Wealth,Wealth Advisor,"wealth_management,customer_service,credit_risk",1.5,17.0,2,734.06,6.9
STF-00823,Credit & Lending,Lending Manager,"credit_risk,aml_compliance,data_analytics",Credit & Lending,Loan Officer,"aml_compliance,credit_risk",2.6,21.0,3,724.64,16.1
STF-00824,Retail Banking,Branch Officer,"customer_service,branch_management,teller_ops",Retail Banking,Branch Supervisor,"sales_advisory,branch_management,teller_ops",5.5,18.0,2,809.41,4.1
STF-00825,Retail Banking,Customer Service Rep,"sales_advisory,teller_ops,loan_underwriting",Compliance & Risk,Compliance Officer,"aml_compliance,cybersecurity,leadership,customer_service",9.0,24.0,4,751.44,2.5
STF-00826,Credit & Lending,Loan Officer,"data_analytics,aml_compliance,credit_risk,loan_underwriting,leadership",Credit & Lending,Credit Analyst,"credit_risk,loan_underwriting",4.1,19.0,4,700.5,4.5
STF-00827,Private & Wealth,Relationship Manager,"sales_advisory,leadership,wealth_management,customer_service",Private & Wealth,Wealth Advisor,"leadership,customer_service,wealth_management",3.9,19.0,4,582.93,0.0
STF-00828,Treasury & Markets,Treasury Analyst,"forex_ops,data_analytics,treasury_ops",Treasury & Markets,FX Dealer,"data_analytics,forex_ops,treasury_ops,loan_underwriting",5.0,18.0,3,695.43,7.8
STF-00829,Treasury & Markets,Treasury Analyst,"treasury_ops,credit_risk,data_analytics,forex_ops",Treasury & Markets,FX Dealer,"forex_ops,treasury_ops,credit_risk,branch_management",3.4,14.0,3,901.52,3.5
STF-00830,Retail Banking,Branch Officer,"customer_service,teller_ops,wealth_management",Private & Wealth,Relationship Manager,"wealth_management,customer_service",3.3,15.0,1,752.89,5.4
STF-00831,Private & Wealth,Private Banker,"leadership,customer_service,sales_advisory,wealth_management",Private & Wealth,Relationship Manager,"wealth_management,leadership,customer_service",1.4,14.0,3,611.49,4.2
STF-00832,Retail Banking,Branch Officer,"teller_ops,customer_service,sales_advisory,branch_management",Compliance & Risk,Compliance Officer,"aml_compliance,credit_risk,leadership,loan_underwriting",1.2,14.0,3,732.15,3.4
STF-00833,Credit & Lending,Underwriter,"credit_risk,data_analytics",Retail Banking,Branch Officer,"sales_advisory,customer_service,branch_management",7.4,17.0,4,535.61,7.3
STF-00834,Digital & IT,Digital Banking Officer,"it_support,cybersecurity,data_analytics,digital_banking,credit_risk",Compliance & Risk,Compliance Officer,"credit_risk,leadership,cybersecurity,wealth_management",3.6,20.0,4,715.32,7.9
STF-00835,Treasury & Markets,FX Dealer,"forex_ops,credit_risk,data_analytics,treasury_ops",Digital & IT,Digital Banking Officer,"it_support,data_analytics,cybersecurity,forex_ops",1.7,14.0,2,829.64,0.0
STF-00836,Compliance & Risk,Risk Analyst,"aml_compliance,credit_risk,teller_ops",Digital & IT,IT Support Analyst,"it_support,digital_banking,teller_ops",3.7,15.0,3,584.83,15.4
STF-00837,Digital & IT,Digital Banking Officer,"data_analytics,cybersecurity,digital_banking,it_support",Digital & IT,IT Support Analyst,"digital_banking,it_support,data_analytics",2.0,20.0,2,656.67,4.4
STF-00838,Compliance & Risk,Risk Analyst,"cybersecurity,credit_risk,aml_compliance,leadership,digital_banking",Compliance & Risk,Compliance Officer,"credit_risk,leadership,cybersecurity",3.9,18.0,2,805.08,6.8
STF-00839,Compliance & Risk,Risk Analyst,"credit_risk,leadership,cybersecurity,aml_compliance",Treasury & Markets,Treasury Analyst,"treasury_ops,data_analytics",5.8,16.0,5,721.92,3.9
STF-00840,Credit & Lending,Loan Officer,"loan_underwriting,aml_compliance,data_analytics,credit_risk",Compliance & Risk,AML Investigator,"leadership,credit_risk,teller_ops",4.4,23.0,4,733.77,7.9
STF-00841,Treasury & Markets,Markets Associate,"treasury_ops,data_analytics,credit_risk,forex_ops,cybersecurity",Private & Wealth,Wealth Advisor,"leadership,wealth_management,sales_advisory",8.1,17.0,3,882.75,3.0
STF-00842,Treasury & Markets,Markets Associate,"credit_risk,data_analytics,treasury_ops,loan_underwriting",Treasury & Markets,Treasury Analyst,"forex_ops,data_analytics",3.3,15.0,1,780.33,6.7
STF-00843,Private & Wealth,Private Banker,"wealth_management,leadership,customer_service,sales_advisory,digital_banking",Retail Banking,Branch Officer,"teller_ops,sales_advisory",5.7,13.0,4,860.25,11.2
STF-00844,Treasury & Markets,Treasury Analyst,"treasury_ops,data_analytics,teller_ops",Treasury & Markets,Markets Associate,"credit_risk,data_analytics,treasury_ops",1.3,22.0,2,749.73,6.8
STF-00845,Treasury & Markets,Treasury Analyst,"forex_ops,treasury_ops",Retail Banking,Teller,"customer_service,branch_management,digital_banking",3.6,19.0,5,903.71,0.0
STF-00846,Retail Banking,Branch Supervisor,"sales_advisory,teller_ops,customer_service,branch_management,leadership",Retail Banking,Branch Supervisor,"branch_management,customer_service,teller_ops,wealth_management",3.6,15.0,2,599.94,6.4
STF-00847,Digital & IT,IT Support Analyst,"digital_banking,cybersecurity,it_support",Digital & IT,Digital Banking Officer,"it_support,cybersecurity",3.3,13.0,3,611.52,6.7
STF-00848,Private & Wealth,Relationship Manager,"wealth_management,leadership,sales_advisory,customer_service",Compliance & Risk,Compliance Officer,"cybersecurity,aml_compliance,leadership",0.3,10.0,2,552.43,3.4
STF-00849,Private & Wealth,Relationship Manager,"leadership,sales_advisory,wealth_management,aml_compliance",Private & Wealth,Relationship Manager,"sales_advisory,customer_service,wealth_management",2.5,15.0,3,785.17,4.3
STF-00850,Private & Wealth,Relationship Manager,"customer_service,sales_advisory,data_analytics",Private & Wealth,Private Banker,"wealth_management,customer_service,sales_advisory,data_analytics",1.0,19.0,4,807.56,2.9
STF-00851,Compliance & Risk,Risk Analyst,"aml_compliance,cybersecurity,leadership",Compliance & Risk,Risk Analyst,"credit_risk,leadership,branch_management",3.2,13.0,3,923.53,3.2
STF-00852,Credit & Lending,Loan Officer,"loan_underwriting,aml_compliance,data_analytics,credit_risk,forex_ops",Credit & Lending,Lending Manager,"aml_compliance,data_analytics",4.4,19.0,3,707.55,5.1
STF-00853,Private & Wealth,Wealth Advisor,"customer_service,leadership,wealth_management,forex_ops",Retail Banking,Teller,"teller_ops,customer_service",5.8,21.0,2,981.86,6.3
STF-00854,Credit & Lending,Credit Analyst,"credit_risk,data_analytics,loan_underwriting,aml_compliance",Private & Wealth,Relationship Manager,"wealth_management,sales_advisory,digital_banking",6.0,11.0,4,749.36,12.4
STF-00855,Private & Wealth,Wealth Advisor,"sales_advisory,customer_service,leadership",Compliance & Risk,AML Investigator,"aml_compliance,leadership,credit_risk",8.3,20.0,2,774.11,5.5
STF-00856,Treasury & Markets,Treasury Analyst,"treasury_ops,forex_ops,credit_risk",Treasury & Markets,FX Dealer,"forex_ops,credit_risk,sales_advisory",2.3,13.0,4,802.19,15.2
STF-00857,Retail Banking,Branch Supervisor,"customer_service,branch_management,it_support",Digital & IT,Digital Banking Officer,"data_analytics,cybersecurity,it_support,treasury_ops",5.9,10.0,3,602.82,5.5
STF-00858,Digital & IT,IT Support Analyst,"data_analytics,it_support,cybersecurity",Digital & IT,IT Support Analyst,"cybersecurity,it_support,digital_banking",4.6,24.0,3,782.07,12.6
STF-00859,Digital & IT,IT Support Analyst,"it_support,data_analytics,digital_banking,cybersecurity,aml_compliance",Digital & IT,Systems Administrator,"data_analytics,it_support,cybersecurity",7.5,22.0,4,821.49,0.5
STF-00860,Treasury & Markets,Treasury Analyst,"data_analytics,credit_risk,it_support",Treasury & Markets,Treasury Analyst,"data_analytics,treasury_ops,forex_ops",2.7,19.0,2,797.88,7.8
STF-00861,Retail Banking,Branch Supervisor,"branch_management,sales_advisory,leadership",Retail Banking,Customer Service Rep,"sales_advisory,customer_service,teller_ops",1.7,16.0,3,546.46,2.8
STF-00862,Digital & IT,Systems Administrator,"data_analytics,cybersecurity",Private & Wealth,Private Banker,"wealth_management,sales_advisory,customer_service",5.9,17.0,3,746.12,0.3
STF-00863,Credit & Lending,Loan Officer,"aml_compliance,loan_underwriting",Credit & Lending,Credit Analyst,"credit_risk,aml_compliance,data_analytics,it_support",16.0,23.0,3,1083.31,1.3
STF-00864,Compliance & Risk,AML Investigator,"leadership,credit_risk,cybersecurity,aml_compliance,forex_ops",Credit & Lending,Lending Manager,"data_analytics,loan_underwriting",4.6,30.0,1,754.54,10.6
STF-00865,Treasury & Markets,FX Dealer,"forex_ops,data_analytics,credit_risk",Treasury & Markets,Treasury Analyst,"credit_risk,treasury_ops",1.1,25.0,3,714.78,9.9
STF-00866,Treasury & Markets,Markets Associate,"treasury_ops,credit_risk,data_analytics",Treasury & Markets,Markets Associate,"forex_ops,credit_risk",1.7,16.0,3,794.69,0.0
STF-00867,Private & Wealth,Wealth Advisor,"customer_service,leadership",Private & Wealth,Relationship Manager,"sales_advisory,wealth_management,customer_service",10.9,19.0,4,1015.45,1.5
STF-00868,Retail Banking,Customer Service Rep,"teller_ops,branch_management,treasury_ops",Retail Banking,Customer Service Rep,"sales_advisory,branch_management,teller_ops,wealth_management",0.9,21.0,4,734.2,3.1
STF-00869,Credit & Lending,Credit Analyst,"aml_compliance,credit_risk,data_analytics,loan_underwriting,cybersecurity",Credit & Lending,Lending Manager,"aml_compliance,data_analytics",5.7,16.0,4,1003.23,2.9
STF-00870,Credit & Lending,Loan Officer,"loan_underwriting,credit_risk",Credit & Lending,Lending Manager,"aml_compliance,data_analytics,loan_underwriting",2.8,14.0,3,754.96,7.3
STF-00871,Credit & Lending,Underwriter,"aml_compliance,data_analytics",Private & Wealth,Wealth Advisor,"customer_service,sales_advisory,wealth_management,forex_ops",4.7,19.0,4,740.83,13.1
STF-00872,Private & Wealth,Private Banker,"wealth_management,customer_service",Private & Wealth,Wealth Advisor,"wealth_management,leadership,sales_advisory,teller_ops",1.9,16.0,3,761.86,4.9
STF-00873,Digital & IT,Digital Banking Officer,"digital_banking,it_support",Digital & IT,Digital Banking Officer,"it_support,data_analytics,digital_banking",8.2,27.0,3,1146.28,10.3
STF-00874,Credit & Lending,Lending Manager,"credit_risk,loan_underwriting,aml_compliance,data_analytics",Digital & IT,Systems Administrator,"cybersecurity,data_analytics,it_support,wealth_management",4.3,19.0,2,489.94,3.1
STF-00875,Retail Banking,Branch Officer,"customer_service,teller_ops,credit_risk",Credit & Lending,Credit Analyst,"data_analytics,aml_compliance",2.5,16.0,2,614.41,6.7
STF-00876,Retail Banking,Branch Officer,"customer_service,branch_management,sales_advisory,teller_ops",Credit & Lending,Loan Officer,"data_analytics,aml_compliance,treasury_ops",13.3,26.0,3,958.01,10.3
STF-00877,Private & Wealth,Relationship Manager,"wealth_management,customer_service,sales_advisory,leadership",Private & Wealth,Wealth Advisor,"leadership,wealth_management",4.2,20.0,3,920.86,0.0
STF-00878,Digital & IT,Digital Banking Officer,"digital_banking,it_support,data_analytics,cybersecurity,treasury_ops",Digital & IT,IT Support Analyst,"cybersecurity,digital_banking,data_analytics,credit_risk",1.5,24.0,3,760.59,2.2
STF-00879,Treasury & Markets,FX Dealer,"treasury_ops,forex_ops,credit_risk,cybersecurity",Digital & IT,Systems Administrator,"digital_banking,it_support,data_analytics",8.7,17.0,3,784.82,4.6
STF-00880,Digital & IT,IT Support Analyst,"data_analytics,cybersecurity",Digital & IT,Systems Administrator,"cybersecurity,data_analytics,it_support",6.7,14.0,5,730.04,8.1
STF-00881,Compliance & Risk,Compliance Officer,"leadership,credit_risk,cybersecurity",Treasury & Markets,Markets Associate,"treasury_ops,credit_risk,leadership",0.9,11.0,3,722.02,4.8
STF-00882,Credit & Lending,Underwriter,"data_analytics,loan_underwriting,credit_risk,aml_compliance",Private & Wealth,Wealth Advisor,"customer_service,leadership,wealth_management,digital_banking",4.3,18.0,3,667.44,6.9
STF-00883,Credit & Lending,Lending Manager,"loan_underwriting,data_analytics",Credit & Lending,Underwriter,"aml_compliance,loan_underwriting,credit_risk",5.6,8.0,2,737.85,10.3
STF-00884,Retail Banking,Branch Officer,"teller_ops,sales_advisory,customer_service,branch_management",Credit & Lending,Loan Officer,"loan_underwriting,data_analytics,credit_risk",1.8,20.0,3,952.12,0.0
STF-00885,Private & Wealth,Private Banker,"customer_service,sales_advisory,treasury_ops",Digital & IT,Systems Administrator,"data_analytics,digital_banking,cybersecurity",4.5,18.0,2,773.74,3.7
STF-00886,Treasury & Markets,Treasury Analyst,"credit_risk,treasury_ops",Compliance & Risk,AML Investigator,"aml_compliance,credit_risk",5.5,15.0,2,710.78,1.0
STF-00887,Credit & Lending,Underwriter,"data_analytics,loan_underwriting,digital_banking",Credit & Lending,Underwriter,"data_analytics,credit_risk",1.7,27.0,1,642.88,2.6
STF-00888,Private & Wealth,Private Banker,"sales_advisory,leadership,customer_service,wealth_management",Private & Wealth,Wealth Advisor,"sales_advisory,wealth_management",5.6,18.0,4,945.89,4.1
STF-00889,Compliance & Risk,AML Investigator,"cybersecurity,aml_compliance",Credit & Lending,Credit Analyst,"aml_compliance,loan_underwriting,data_analytics",2.3,15.0,3,785.45,0.0
STF-00890,Compliance & Risk,Compliance Officer,"aml_compliance,cybersecurity,leadership,treasury_ops",Compliance & Risk,Risk Analyst,"cybersecurity,aml_compliance",11.6,19.0,3,839.37,10.7
STF-00891,Treasury & Markets,FX Dealer,"data_analytics,forex_ops,treasury_ops",Treasury & Markets,Markets Associate,"treasury_ops,forex_ops,customer_service",10.2,22.0,3,1199.34,10.2
STF-00892,Private & Wealth,Relationship Manager,"leadership,wealth_management,aml_compliance",Private & Wealth,Relationship Manager,"wealth_management,sales_advisory,leadership",3.5,22.0,4,901.67,3.2
STF-00893,Private & Wealth,Private Banker,"leadership,wealth_management",Private & Wealth,Wealth Advisor,"customer_service,wealth_management,sales_advisory",2.5,14.0,3,846.86,6.8
STF-00894,Treasury & Markets,Markets Associate,"data_analytics,credit_risk,forex_ops,treasury_ops",Treasury & Markets,FX Dealer,"treasury_ops,credit_risk",10.5,16.0,2,776.46,7.4
STF-00895,Compliance & Risk,AML Investigator,"aml_compliance,credit_risk,wealth_management",Compliance & Risk,Risk Analyst,"leadership,cybersecurity,aml_compliance,forex_ops",3.5,19.0,2,718.31,14.7
STF-00896,Retail Banking,Teller,"teller_ops,customer_service,leadership",Retail Banking,Branch Officer,"sales_advisory,customer_service,branch_management",4.3,14.0,2,720.39,5.0
STF-00897,Treasury & Markets,Treasury Analyst,"treasury_ops,forex_ops,credit_risk",Treasury & Markets,FX Dealer,"treasury_ops,data_analytics,credit_risk",12.5,21.0,4,1084.01,8.4
STF-00898,Compliance & Risk,Compliance Officer,"credit_risk,leadership,cybersecurity,treasury_ops",Retail Banking,Branch Officer,"branch_management,teller_ops,loan_underwriting",2.6,15.0,4,478.86,1.5
STF-00899,Retail Banking,Branch Supervisor,"branch_management,teller_ops,sales_advisory,customer_service,aml_compliance",Retail Banking,Customer Service Rep,"customer_service,teller_ops,sales_advisory",17.1,17.0,3,1080.87,0.0
STF-00900,Digital & IT,Digital Banking Officer,"data_analytics,it_support,cybersecurity,digital_banking",Credit & Lending,Credit Analyst,"aml_compliance,loan_underwriting",5.4,19.0,4,976.11,11.7
STF-00901,Private & Wealth,Relationship Manager,"sales_advisory,leadership,loan_underwriting",Compliance & Risk,Compliance Officer,"credit_risk,leadership",2.8,8.0,3,753.98,7.6
STF-00902,Digital & IT,IT Support Analyst,"digital_banking,it_support,cybersecurity,data_analytics",Digital & IT,Digital Banking Officer,"digital_banking,data_analytics,cybersecurity,aml_compliance",2.8,15.0,2,443.45,4.3
STF-00903,Retail Banking,Branch Officer,"branch_management,teller_ops,customer_service",Retail Banking,Branch Officer,"sales_advisory,teller_ops,branch_management",3.6,26.0,3,783.01,5.5
STF-00904,Treasury & Markets,Treasury Analyst,"forex_ops,treasury_ops,credit_risk",Treasury & Markets,Markets Associate,"data_analytics,treasury_ops,credit_risk",6.9,14.0,4,702.46,8.9
STF-00905,Treasury & Markets,Markets Associate,"forex_ops,data_analytics,treasury_ops,credit_risk",Compliance & Risk,AML Investigator,"credit_risk,leadership,aml_compliance",1.2,14.0,2,745.66,1.0
STF-00906,Private & Wealth,Wealth Advisor,"leadership,wealth_management,customer_service",Retail Banking,Customer Service Rep,"branch_management,teller_ops,sales_advisory,wealth_management",5.5,14.0,3,1069.91,9.9
STF-00907,Retail Banking,Branch Officer,"teller_ops,customer_service,branch_management,sales_advisory,leadership",Retail Banking,Customer Service Rep,"branch_management,teller_ops",3.1,16.0,2,850.47,9.6
STF-00908,Compliance & Risk,Risk Analyst,"leadership,cybersecurity,sales_advisory",Compliance & Risk,Risk Analyst,"credit_risk,cybersecurity,treasury_ops",0.1,23.0,4,687.46,16.5
STF-00909,Compliance & Risk,AML Investigator,"leadership,cybersecurity,credit_risk,aml_compliance",Compliance & Risk,Compliance Officer,"cybersecurity,leadership,aml_compliance,it_support",2.8,19.0,5,723.21,6.9
STF-00910,Private & Wealth,Relationship Manager,"customer_service,leadership,sales_advisory,wealth_management",Private & Wealth,Relationship Manager,"wealth_management,customer_service,leadership,branch_management",15.4,19.0,4,992.75,2.0
STF-00911,Treasury & Markets,Treasury Analyst,"credit_risk,treasury_ops",Private & Wealth,Relationship Manager,"customer_service,leadership,sales_advisory",4.6,21.0,3,738.13,5.7
STF-00912,Retail Banking,Teller,"teller_ops,customer_service,cybersecurity",Retail Banking,Branch Supervisor,"teller_ops,sales_advisory,branch_management",1.6,20.0,4,661.47,4.1
STF-00913,Digital & IT,Systems Administrator,"data_analytics,cybersecurity",Digital & IT,IT Support Analyst,"it_support,digital_banking,aml_compliance",6.4,19.0,3,1023.77,8.3
STF-00914,Private & Wealth,Relationship Manager,"wealth_management,leadership",Treasury & Markets,Markets Associate,"forex_ops,data_analytics,sales_advisory",4.5,16.0,3,610.09,3.5
STF-00915,Digital & IT,Systems Administrator,"data_analytics,digital_banking,cybersecurity,it_support",Treasury & Markets,FX Dealer,"credit_risk,data_analytics,treasury_ops",2.7,14.0,4,650.05,12.6
STF-00916,Private & Wealth,Private Banker,"leadership,customer_service,sales_advisory,forex_ops",Private & Wealth,Wealth Advisor,"leadership,wealth_management",2.7,16.0,2,682.21,1.6
STF-00917,Compliance & Risk,Risk Analyst,"cybersecurity,aml_compliance,credit_risk",Treasury & Markets,FX Dealer,"data_analytics,forex_ops",10.2,21.0,2,929.58,2.3
STF-00918,Credit & Lending,Underwriter,"loan_underwriting,data_analytics,aml_compliance,wealth_management",Credit & Lending,Underwriter,"aml_compliance,loan_underwriting,data_analytics,treasury_ops",11.2,19.0,4,881.17,7.8
STF-00919,Retail Banking,Customer Service Rep,"branch_management,customer_service,sales_advisory,teller_ops",Digital & IT,IT Support Analyst,"cybersecurity,data_analytics,customer_service",7.2,19.0,3,893.64,0.1
STF-00920,Compliance & Risk,Risk Analyst,"credit_risk,leadership,cybersecurity,aml_compliance",Credit & Lending,Underwriter,"data_analytics,loan_underwriting",13.7,20.0,3,835.99,7.2
STF-00921,Credit & Lending,Underwriter,"loan_underwriting,data_analytics,aml_compliance,credit_risk",Credit & Lending,Credit Analyst,"data_analytics,aml_compliance,forex_ops",9.0,18.0,3,535.01,0.5
STF-00922,Credit & Lending,Lending Manager,"credit_risk,loan_underwriting",Retail Banking,Branch Officer,"sales_advisory,branch_management",6.4,9.0,3,614.51,11.5
STF-00923,Credit & Lending,Lending Manager,"data_analytics,loan_underwriting",Credit & Lending,Credit Analyst,"aml_compliance,data_analytics,leadership",5.9,27.0,1,765.57,0.5
STF-00924,Private & Wealth,Private Banker,"leadership,wealth_management,customer_service,data_analytics",Private & Wealth,Wealth Advisor,"leadership,sales_advisory",4.0,17.0,4,684.08,2.6
STF-00925,Compliance & Risk,AML Investigator,"credit_risk,leadership,cybersecurity",Private & Wealth,Private Banker,"leadership,customer_service,digital_banking",5.2,20.0,2,653.84,9.2
STF-00926,Private & Wealth,Wealth Advisor,"wealth_management,customer_service,forex_ops",Retail Banking,Branch Officer,"customer_service,branch_management,teller_ops,wealth_management",2.5,22.0,3,759.32,7.1
STF-00927,Private & Wealth,Wealth Advisor,"leadership,customer_service,aml_compliance",Retail Banking,Branch Officer,"teller_ops,branch_management",5.5,20.0,2,784.33,0.0
STF-00928,Private & Wealth,Private Banker,"sales_advisory,wealth_management,leadership,customer_service",Private & Wealth,Relationship Manager,"customer_service,sales_advisory",3.6,13.0,3,767.67,7.5
STF-00929,Credit & Lending,Loan Officer,"aml_compliance,loan_underwriting,data_analytics,credit_risk,customer_service",Treasury & Markets,FX Dealer,"credit_risk,forex_ops",3.6,18.0,3,865.67,0.0
STF-00930,Private & Wealth,Private Banker,"sales_advisory,customer_service,treasury_ops",Private & Wealth,Relationship Manager,"sales_advisory,customer_service,branch_management",1.2,14.0,3,590.01,0.7
STF-00931,Compliance & Risk,AML Investigator,"aml_compliance,leadership,cybersecurity,credit_risk",Compliance & Risk,Risk Analyst,"credit_risk,leadership,cybersecurity,wealth_management",13.6,24.0,3,860.23,7.3
STF-00932,Credit & Lending,Credit Analyst,"data_analytics,credit_risk",Credit & Lending,Loan Officer,"loan_underwriting,aml_compliance,it_support",6.6,9.0,1,1063.43,4.1
STF-00933,Compliance & Risk,Compliance Officer,"aml_compliance,cybersecurity",Compliance & Risk,AML Investigator,"aml_compliance,leadership,cybersecurity",18.0,20.0,4,919.52,0.8
STF-00934,Digital & IT,Digital Banking Officer,"digital_banking,cybersecurity",Digital & IT,IT Support Analyst,"data_analytics,digital_banking",4.2,17.0,4,791.07,0.0
STF-00935,Private & Wealth,Wealth Advisor,"customer_service,sales_advisory,wealth_management,leadership",Compliance & Risk,Compliance Officer,"credit_risk,leadership",3.4,25.0,2,616.3,4.3
STF-00936,Compliance & Risk,AML Investigator,"cybersecurity,credit_risk",Compliance & Risk,AML Investigator,"credit_risk,leadership,cybersecurity",4.6,11.0,2,798.04,4.1
STF-00937,Retail Banking,Branch Officer,"sales_advisory,teller_ops,customer_service,branch_management",Compliance & Risk,Compliance Officer,"aml_compliance,credit_risk,cybersecurity",6.4,19.0,3,800.45,4.9
STF-00938,Private & Wealth,Wealth Advisor,"leadership,wealth_management,customer_service",Private & Wealth,Wealth Advisor,"customer_service,leadership,wealth_management",5.2,20.0,3,775.45,13.0
STF-00939,Credit & Lending,Loan Officer,"data_analytics,credit_risk,loan_underwriting,aml_compliance,wealth_management",Digital & IT,Digital Banking Officer,"cybersecurity,digital_banking,data_analytics",1.0,21.0,5,604.58,0.0
STF-00940,Treasury & Markets,FX Dealer,"treasury_ops,credit_risk,data_analytics,sales_advisory",Treasury & Markets,FX Dealer,"data_analytics,credit_risk",0.4,21.0,3,477.63,4.3
STF-00941,Credit & Lending,Loan Officer,"loan_underwriting,aml_compliance,data_analytics,credit_risk",Credit & Lending,Underwriter,"data_analytics,loan_underwriting,aml_compliance",5.8,12.0,4,1150.47,4.7
STF-00942,Private & Wealth,Relationship Manager,"customer_service,sales_advisory,leadership,wealth_management",Digital & IT,Systems Administrator,"data_analytics,digital_banking,cybersecurity",4.3,15.0,3,785.18,0.6
STF-00943,Private & Wealth,Wealth Advisor,"customer_service,leadership,aml_compliance",Digital & IT,Digital Banking Officer,"digital_banking,it_support",4.3,16.0,3,749.04,7.7
STF-00944,Retail Banking,Customer Service Rep,"teller_ops,sales_advisory,branch_management,aml_compliance",Treasury & Markets,FX Dealer,"credit_risk,forex_ops,treasury_ops,it_support",2.4,16.0,3,826.9,4.6
STF-00945,Private & Wealth,Private Banker,"leadership,wealth_management",Private & Wealth,Wealth Advisor,"wealth_management,customer_service,sales_advisory",3.2,22.0,4,844.45,7.3
STF-00946,Treasury & Markets,Treasury Analyst,"credit_risk,treasury_ops,teller_ops",Treasury & Markets,Markets Associate,"forex_ops,credit_risk,data_analytics,loan_underwriting",0.7,19.0,3,666.21,4.2
STF-00947,Private & Wealth,Private Banker,"sales_advisory,leadership,wealth_management",Retail Banking,Customer Service Rep,"customer_service,sales_advisory,branch_management,teller_ops",3.3,23.0,3,548.66,4.6
STF-00948,Treasury & Markets,FX Dealer,"forex_ops,data_analytics,treasury_ops",Credit & Lending,Underwriter,"data_analytics,loan_underwriting,aml_compliance",5.6,17.0,2,909.24,8.3
STF-00949,Retail Banking,Branch Supervisor,"customer_service,branch_management,sales_advisory,teller_ops",Retail Banking,Branch Officer,"sales_advisory,branch_management,customer_service",3.1,20.0,3,653.1,3.6
STF-00950,Credit & Lending,Lending Manager,"credit_risk,loan_underwriting",Credit & Lending,Credit Analyst,"loan_underwriting,data_analytics,credit_risk,forex_ops",2.7,14.0,4,486.84,12.3
STF-00951,Retail Banking,Branch Supervisor,"teller_ops,branch_management",Credit & Lending,Credit Analyst,"aml_compliance,loan_underwriting,credit_risk",10.4,20.0,4,1032.69,12.8
STF-00952,Retail Banking,Branch Officer,"teller_ops,sales_advisory",Digital & IT,Digital Banking Officer,"it_support,cybersecurity",1.9,22.0,2,762.15,0.0
STF-00953,Treasury & Markets,Markets Associate,"data_analytics,treasury_ops,forex_ops,cybersecurity",Treasury & Markets,Markets Associate,"data_analytics,credit_risk",5.4,24.0,2,767.08,9.2
STF-00954,Digital & IT,IT Support Analyst,"it_support,data_analytics,cybersecurity,sales_advisory",Retail Banking,Branch Officer,"sales_advisory,branch_management,aml_compliance",3.5,12.0,4,678.63,8.3
STF-00955,Retail Banking,Customer Service Rep,"customer_service,sales_advisory,teller_ops",Retail Banking,Customer Service Rep,"customer_service,branch_management,treasury_ops",3.1,19.0,3,789.9,4.2
STF-00956,Compliance & Risk,Compliance Officer,"credit_risk,cybersecurity,aml_compliance,leadership,wealth_management",Digital & IT,Systems Administrator,"it_support,data_analytics,cybersecurity",15.2,22.0,4,1101.65,8.1
STF-00957,Private & Wealth,Wealth Advisor,"leadership,wealth_management,sales_advisory,customer_service,aml_compliance",Private & Wealth,Relationship Manager,"customer_service,wealth_management,sales_advisory",3.5,17.0,3,684.53,6.4
STF-00958,Private & Wealth,Private Banker,"sales_advisory,customer_service,wealth_management,leadership",Private & Wealth,Wealth Advisor,"sales_advisory,wealth_management,leadership,branch_management",3.6,17.0,3,692.81,6.1
STF-00959,Treasury & Markets,Treasury Analyst,"forex_ops,data_analytics,treasury_ops,credit_risk",Credit & Lending,Lending Manager,"credit_risk,aml_compliance,loan_underwriting",3.1,24.0,3,703.27,1.0
STF-00960,Compliance & Risk,AML Investigator,"leadership,aml_compliance,cybersecurity",Compliance & Risk,Compliance Officer,"leadership,aml_compliance,branch_management",5.2,18.0,3,820.77,12.1
STF-00961,Compliance & Risk,AML Investigator,"cybersecurity,leadership,aml_compliance,credit_risk,sales_advisory",Treasury & Markets,Treasury Analyst,"credit_risk,data_analytics,treasury_ops",3.4,20.0,3,790.24,3.2
STF-00962,Private & Wealth,Wealth Advisor,"sales_advisory,customer_service,leadership,wealth_management",Private & Wealth,Relationship Manager,"wealth_management,leadership,sales_advisory",5.6,21.0,4,709.73,12.5
STF-00963,Retail Banking,Customer Service Rep,"customer_service,sales_advisory,teller_ops,cybersecurity",Retail Banking,Teller,"customer_service,branch_management,sales_advisory",2.4,17.0,4,627.96,10.9
STF-00964,Private & Wealth,Relationship Manager,"sales_advisory,customer_service,leadership,wealth_management",Private & Wealth,Private Banker,"leadership,sales_advisory",2.9,8.0,2,755.31,2.9
STF-00965,Credit & Lending,Loan Officer,"loan_underwriting,credit_risk,aml_compliance",Credit & Lending,Underwriter,"data_analytics,loan_underwriting,credit_risk",0.7,22.0,2,610.72,13.1
STF-00966,Retail Banking,Customer Service Rep,"branch_management,teller_ops,customer_service,sales_advisory",Retail Banking,Teller,"teller_ops,sales_advisory,customer_service,data_analytics",3.4,23.0,3,1001.37,2.0
STF-00967,Compliance & Risk,AML Investigator,"credit_risk,cybersecurity,aml_compliance",Compliance & Risk,AML Investigator,"cybersecurity,credit_risk,aml_compliance",9.2,22.0,4,951.91,8.7
STF-00968,Retail Banking,Customer Service Rep,"sales_advisory,customer_service",Retail Banking,Teller,"teller_ops,branch_management",8.6,22.0,3,886.85,5.4
STF-00969,Digital & IT,Digital Banking Officer,"data_analytics,it_support,customer_service",Digital & IT,Systems Administrator,"cybersecurity,it_support,data_analytics",2.5,20.0,5,649.45,1.5
STF-00970,Private & Wealth,Relationship Manager,"wealth_management,sales_advisory,leadership",Private & Wealth,Wealth Advisor,"wealth_management,customer_service,leadership,credit_risk",2.7,19.0,3,646.92,11.8
STF-00971,Retail Banking,Branch Supervisor,"customer_service,branch_management",Retail Banking,Teller,"customer_service,sales_advisory,forex_ops",1.5,15.0,2,658.18,8.3
STF-00972,Treasury & Markets,Markets Associate,"data_analytics,treasury_ops,credit_risk,forex_ops",Digital & IT,Systems Administrator,"digital_banking,it_support,data_analytics",7.1,17.0,3,829.82,1.0
STF-00973,Private & Wealth,Wealth Advisor,"leadership,wealth_management",Private & Wealth,Private Banker,"customer_service,leadership",3.3,20.0,3,717.96,4.4
STF-00974,Digital & IT,IT Support Analyst,"data_analytics,it_support,cybersecurity,sales_advisory",Digital & IT,IT Support Analyst,"it_support,cybersecurity,forex_ops",3.5,20.0,3,896.95,4.2
STF-00975,Compliance & Risk,Risk Analyst,"leadership,credit_risk",Treasury & Markets,Markets Associate,"data_analytics,treasury_ops,forex_ops,loan_underwriting",2.9,26.0,2,781.52,9.1
STF-00976,Treasury & Markets,Treasury Analyst,"credit_risk,forex_ops,customer_service",Treasury & Markets,FX Dealer,"forex_ops,credit_risk,treasury_ops",1.6,16.0,3,676.75,3.2
STF-00977,Digital & IT,IT Support Analyst,"cybersecurity,it_support,data_analytics",Treasury & Markets,Treasury Analyst,"forex_ops,credit_risk",6.6,28.0,3,776.36,6.7
STF-00978,Digital & IT,Digital Banking Officer,"cybersecurity,data_analytics,it_support,digital_banking,treasury_ops",Private & Wealth,Relationship Manager,"sales_advisory,customer_service,leadership",2.5,16.0,4,825.13,8.0
STF-00979,Retail Banking,Customer Service Rep,"sales_advisory,teller_ops,customer_service,branch_management",Compliance & Risk,AML Investigator,"cybersecurity,credit_risk,aml_compliance",4.7,16.0,3,769.42,9.6
STF-00980,Credit & Lending,Loan Officer,"aml_compliance,data_analytics,digital_banking",Digital & IT,IT Support Analyst,"data_analytics,digital_banking,cybersecurity",7.9,9.0,4,662.17,8.1
STF-00981,Treasury & Markets,Treasury Analyst,"credit_risk,forex_ops,cybersecurity",Retail Banking,Teller,"sales_advisory,branch_management,teller_ops",4.1,17.0,2,901.21,4.0
STF-00982,Treasury & Markets,Treasury Analyst,"data_analytics,treasury_ops,it_support",Private & Wealth,Wealth Advisor,"wealth_management,customer_service,loan_underwriting",5.8,21.0,2,565.6,5.1
STF-00983,Compliance & Risk,Risk Analyst,"aml_compliance,leadership",Compliance & Risk,AML Investigator,"credit_risk,leadership,aml_compliance,branch_management",1.1,22.0,3,561.98,7.2
STF-00984,Treasury & Markets,Treasury Analyst,"data_analytics,credit_risk",Retail Banking,Branch Supervisor,"branch_management,teller_ops,sales_advisory",10.0,20.0,4,864.89,3.6
STF-00985,Private & Wealth,Wealth Advisor,"customer_service,leadership,sales_advisory",Private & Wealth,Relationship Manager,"wealth_management,customer_service,sales_advisory,it_support",7.9,14.0,3,897.9,4.2
STF-00986,Treasury & Markets,FX Dealer,"forex_ops,credit_risk,data_analytics,sales_advisory",Treasury & Markets,FX Dealer,"treasury_ops,forex_ops,data_analytics",1.1,14.0,3,613.69,8.4
STF-00987,Retail Banking,Branch Supervisor,"customer_service,teller_ops,branch_management,sales_advisory,data_analytics",Retail Banking,Customer Service Rep,"sales_advisory,teller_ops",4.0,21.0,4,639.39,15.7
STF-00988,Credit & Lending,Lending Manager,"data_analytics,credit_risk",Digital & IT,Systems Administrator,"cybersecurity,data_analytics,sales_advisory",4.1,19.0,2,790.24,2.1
STF-00989,Digital & IT,Systems Administrator,"cybersecurity,it_support",Digital & IT,Digital Banking Officer,"cybersecurity,digital_banking,it_support,wealth_management",3.2,20.0,3,634.14,10.7
STF-00990,Treasury & Markets,Treasury Analyst,"treasury_ops,data_analytics,forex_ops",Private & Wealth,Private Banker,"leadership,sales_advisory,customer_service,treasury_ops",1.6,16.0,3,609.61,3.1
STF-00991,Credit & Lending,Underwriter,"loan_underwriting,aml_compliance,data_analytics,customer_service",Credit & Lending,Underwriter,"credit_risk,loan_underwriting",2.9,14.0,4,664.02,5.5
STF-00992,Digital & IT,Systems Administrator,"cybersecurity,digital_banking,data_analytics",Digital & IT,Systems Administrator,"cybersecurity,it_support",18.5,15.0,2,1237.67,14.5
STF-00993,Credit & Lending,Loan Officer,"loan_underwriting,data_analytics,credit_risk",Treasury & Markets,FX Dealer,"credit_risk,treasury_ops,forex_ops,loan_underwriting",7.5,20.0,3,916.72,10.3
STF-00994,Private & Wealth,Relationship Manager,"wealth_management,sales_advisory,leadership,customer_service",Private & Wealth,Wealth Advisor,"sales_advisory,leadership,customer_service",5.6,30.0,3,817.8,4.4
STF-00995,Compliance & Risk,AML Investigator,"leadership,aml_compliance",Private & Wealth,Relationship Manager,"sales_advisory,wealth_management,leadership,credit_risk",6.0,21.0,1,741.49,13.2
STF-00996,Treasury & Markets,Markets Associate,"credit_risk,treasury_ops,wealth_management",Treasury & Markets,Markets Associate,"data_analytics,treasury_ops,forex_ops,sales_advisory",5.8,18.0,2,899.82,5.4
STF-00997,Private & Wealth,Relationship Manager,"sales_advisory,customer_service,wealth_management,leadership,branch_management",Private & Wealth,Relationship Manager,"wealth_management,customer_service",2.7,14.0,3,739.23,10.0
STF-00998,Digital & IT,IT Support Analyst,"it_support,data_analytics,digital_banking",Private & Wealth,Relationship Manager,"sales_advisory,customer_service,wealth_management",4.2,16.0,1,811.11,7.4
STF-00999,Compliance & Risk,Risk Analyst,"credit_risk,leadership,aml_compliance,cybersecurity",Private & Wealth,Relationship Manager,"customer_service,wealth_management",2.8,20.0,4,777.83,11.4
STF-01000,Private & Wealth,Private Banker,"sales_advisory,customer_service,leadership,it_support",Treasury & Markets,Markets Associate,"forex_ops,data_analytics,treasury_ops,cybersecurity",5.8,24.0,3,821.95,11.5
STF-01001,Retail Banking,Branch Supervisor,"teller_ops,sales_advisory",Digital & IT,Digital Banking Officer,"digital_banking,cybersecurity,it_support",5.9,11.0,3,908.42,2.9
STF-01002,Digital & IT,Digital Banking Officer,"data_analytics,cybersecurity,digital_banking,aml_compliance",Retail Banking,Branch Supervisor,"sales_advisory,teller_ops,branch_management",10.5,30.0,2,891.92,4.0
STF-01003,Retail Banking,Branch Officer,"branch_management,teller_ops",Retail Banking,Branch Officer,"customer_service,sales_advisory",14.8,27.0,3,1139.58,9.6
STF-01004,Digital & IT,Digital Banking Officer,"data_analytics,it_support",Credit & Lending,Underwriter,"data_analytics,credit_risk,aml_compliance,digital_banking",5.4,27.0,3,733.44,8.6
STF-01005,Treasury & Markets,Markets Associate,"treasury_ops,forex_ops,loan_underwriting",Treasury & Markets,FX Dealer,"forex_ops,data_analytics,treasury_ops,loan_underwriting",2.7,17.0,3,832.06,4.1
STF-01006,Compliance & Risk,Risk Analyst,"cybersecurity,aml_compliance,customer_service",Compliance & Risk,AML Investigator,"cybersecurity,leadership,credit_risk",11.0,21.0,2,912.52,14.3
STF-01007,Credit & Lending,Underwriter,"credit_risk,aml_compliance,data_analytics",Private & Wealth,Private Banker,"leadership,customer_service,wealth_management",10.3,16.0,4,932.24,6.0
STF-01008,Credit & Lending,Lending Manager,"data_analytics,credit_risk,loan_underwriting,aml_compliance",Credit & Lending,Underwriter,"data_analytics,credit_risk,aml_compliance,branch_management",3.9,17.0,3,784.55,6.8
STF-01009,Compliance & Risk,Risk Analyst,"aml_compliance,credit_risk,cybersecurity,leadership",Compliance & Risk,Risk Analyst,"aml_compliance,cybersecurity",6.2,13.0,2,642.56,5.3
STF-01010,Private & Wealth,Private Banker,"leadership,customer_service,wealth_management",Private & Wealth,Wealth Advisor,"leadership,sales_advisory,digital_banking",3.1,18.0,2,529.02,6.0
STF-01011,Digital & IT,Systems Administrator,"digital_banking,it_support",Credit & Lending,Lending Manager,"loan_underwriting,credit_risk,data_analytics,wealth_management",12.7,30.0,2,864.32,5.8
STF-01012,Private & Wealth,Wealth Advisor,"leadership,sales_advisory,cybersecurity",Digital & IT,IT Support Analyst,"data_analytics,cybersecurity,it_support,teller_ops",3.8,15.0,3,798.07,1.6
STF-01013,Treasury & Markets,Markets Associate,"data_analytics,credit_risk,forex_ops,cybersecurity",Treasury & Markets,Markets Associate,"treasury_ops,data_analytics,credit_risk",4.2,15.0,3,746.13,8.6
STF-01014,Treasury & Markets,FX Dealer,"forex_ops,credit_risk,treasury_ops,data_analytics,sales_advisory",Private & Wealth,Relationship Manager,"customer_service,wealth_management,credit_risk",6.9,15.0,2,1017.82,7.9
STF-01015,Digital & IT,IT Support Analyst,"data_analytics,digital_banking,it_support,cybersecurity",Digital & IT,IT Support Analyst,"cybersecurity,digital_banking,it_support",7.7,21.0,2,547.43,4.8
STF-01016,Credit & Lending,Lending Manager,"data_analytics,credit_risk",Digital & IT,IT Support Analyst,"cybersecurity,digital_banking,data_analytics",6.7,22.0,4,865.2,0.3
STF-01017,Treasury & Markets,Markets Associate,"treasury_ops,credit_risk,forex_ops,data_analytics",Private & Wealth,Private Banker,"wealth_management,customer_service,sales_advisory",2.4,21.0,2,731.99,11.1
STF-01018,Private & Wealth,Wealth Advisor,"customer_service,leadership,sales_advisory",Private & Wealth,Private Banker,"wealth_management,customer_service,leadership",6.0,13.0,4,577.17,4.7
STF-01019,Digital & IT,Digital Banking Officer,"it_support,data_analytics,cybersecurity",Digital & IT,IT Support Analyst,"data_analytics,cybersecurity",8.2,12.0,4,928.25,4.7
STF-01020,Digital & IT,Systems Administrator,"digital_banking,cybersecurity,teller_ops",Credit & Lending,Lending Manager,"credit_risk,loan_underwriting,wealth_management",6.7,19.0,2,888.6,8.5
STF-01021,Treasury & Markets,Markets Associate,"credit_risk,data_analytics",Private & Wealth,Wealth Advisor,"sales_advisory,leadership",0.5,24.0,2,862.11,0.1
STF-01022,Compliance & Risk,AML Investigator,"credit_risk,leadership,cybersecurity,treasury_ops",Compliance & Risk,AML Investigator,"cybersecurity,aml_compliance,customer_service",0.5,28.0,4,850.35,7.7
STF-01023,Private & Wealth,Wealth Advisor,"wealth_management,leadership,customer_service,sales_advisory",Digital & IT,Systems Administrator,"digital_banking,it_support,data_analytics,treasury_ops",1.2,16.0,3,629.33,4.0
STF-01024,Credit & Lending,Loan Officer,"aml_compliance,data_analytics,loan_underwriting,credit_risk",Credit & Lending,Lending Manager,"loan_underwriting,data_analytics,aml_compliance,leadership",3.3,21.0,4,808.75,1.2
STF-01025,Digital & IT,Systems Administrator,"data_analytics,cybersecurity,it_support",Digital & IT,Digital Banking Officer,"it_support,data_analytics",0.7,13.0,2,633.76,5.0
STF-01026,Treasury & Markets,Treasury Analyst,"credit_risk,treasury_ops",Digital & IT,Digital Banking Officer,"data_analytics,digital_banking,cybersecurity,treasury_ops",1.0,16.0,1,709.32,0.9
STF-01027,Retail Banking,Teller,"customer_service,teller_ops,sales_advisory,branch_management",Compliance & Risk,Compliance Officer,"cybersecurity,aml_compliance,leadership",20.4,15.0,3,934.8,8.1
STF-01028,Credit & Lending,Loan Officer,"data_analytics,aml_compliance,credit_risk,loan_underwriting",Credit & Lending,Underwriter,"loan_underwriting,data_analytics",4.9,16.0,4,607.48,9.5
STF-01029,Private & Wealth,Private Banker,"sales_advisory,leadership,it_support",Treasury & Markets,FX Dealer,"forex_ops,data_analytics,treasury_ops",1.8,19.0,3,833.22,0.0
STF-01030,Private & Wealth,Private Banker,"wealth_management,sales_advisory,customer_service,digital_banking",Private & Wealth,Private Banker,"sales_advisory,customer_service",5.9,16.0,3,907.95,10.3
STF-01031,Credit & Lending,Lending Manager,"aml_compliance,credit_risk,data_analytics,loan_underwriting",Credit & Lending,Lending Manager,"loan_underwriting,credit_risk",4.4,14.0,2,805.04,4.2
STF-01032,Compliance & Risk,Risk Analyst,"aml_compliance,leadership,credit_risk,cybersecurity",Compliance & Risk,Risk Analyst,"cybersecurity,leadership",8.0,12.0,3,930.9,8.9
STF-01033,Credit & Lending,Lending Manager,"data_analytics,loan_underwriting,aml_compliance,credit_risk",Private & Wealth,Relationship Manager,"leadership,wealth_management,credit_risk",8.9,13.0,3,871.27,8.3
STF-01034,Treasury & Markets,FX Dealer,"credit_risk,forex_ops,data_analytics,treasury_ops",Treasury & Markets,Treasury Analyst,"treasury_ops,data_analytics",4.7,19.0,3,676.9,0.6
STF-01035,Retail Banking,Customer Service Rep,"branch_management,sales_advisory,cybersecurity",Digital & IT,IT Support Analyst,"it_support,digital_banking,cybersecurity",4.1,22.0,4,738.61,4.6
STF-01036,Treasury & Markets,Markets Associate,"forex_ops,credit_risk,treasury_ops",Credit & Lending,Credit Analyst,"loan_underwriting,credit_risk",6.5,17.0,3,765.55,2.4
STF-01037,Retail Banking,Teller,"sales_advisory,branch_management",Treasury & Markets,Markets Associate,"data_analytics,forex_ops",3.3,19.0,3,864.33,8.3
STF-01038,Credit & Lending,Loan Officer,"aml_compliance,credit_risk,loan_underwriting",Credit & Lending,Loan Officer,"loan_underwriting,data_analytics,credit_risk",1.7,20.0,3,713.02,6.5
STF-01039,Credit & Lending,Loan Officer,"aml_compliance,loan_underwriting,credit_risk",Credit & Lending,Credit Analyst,"data_analytics,aml_compliance",3.1,20.0,3,744.87,3.8
STF-01040,Private & Wealth,Private Banker,"customer_service,sales_advisory,leadership,wealth_management",Private & Wealth,Wealth Advisor,"leadership,sales_advisory,customer_service",3.4,17.0,2,671.61,5.4
STF-01041,Credit & Lending,Credit Analyst,"loan_underwriting,data_analytics,aml_compliance,credit_risk,it_support",Compliance & Risk,Risk Analyst,"aml_compliance,credit_risk,leadership",3.8,18.0,3,740.51,1.5
STF-01042,Credit & Lending,Credit Analyst,"aml_compliance,data_analytics",Credit & Lending,Credit Analyst,"aml_compliance,loan_underwriting,credit_risk",3.5,21.0,2,749.6,12.6
STF-01043,Compliance & Risk,AML Investigator,"cybersecurity,aml_compliance,credit_risk,leadership,customer_service",Digital & IT,IT Support Analyst,"it_support,digital_banking,data_analytics",12.1,14.0,2,1173.05,7.7
STF-01044,Private & Wealth,Private Banker,"sales_advisory,leadership",Private & Wealth,Private Banker,"sales_advisory,leadership,wealth_management,customer_service",2.3,15.0,3,781.75,8.7
STF-01045,Compliance & Risk,Risk Analyst,"aml_compliance,credit_risk,leadership,cybersecurity,it_support",Compliance & Risk,Risk Analyst,"leadership,credit_risk,cybersecurity",4.9,12.0,2,678.1,6.3
STF-01046,Digital & IT,IT Support Analyst,"digital_banking,data_analytics",Digital & IT,IT Support Analyst,"it_support,digital_banking,data_analytics",8.2,16.0,4,801.1,0.6
STF-01047,Credit & Lending,Loan Officer,"data_analytics,aml_compliance,credit_risk,forex_ops",Credit & Lending,Credit Analyst,"loan_underwriting,aml_compliance",1.0,14.0,3,901.06,4.1
STF-01048,Retail Banking,Branch Supervisor,"teller_ops,sales_advisory,branch_management,aml_compliance",Treasury & Markets,Treasury Analyst,"credit_risk,forex_ops",6.8,15.0,2,903.41,7.9
STF-01049,Treasury & Markets,FX Dealer,"data_analytics,treasury_ops,digital_banking",Treasury & Markets,Markets Associate,"data_analytics,treasury_ops,credit_risk",14.6,25.0,1,1052.32,0.0
STF-01050,Private & Wealth,Wealth Advisor,"wealth_management,leadership",Private & Wealth,Relationship Manager,"customer_service,sales_advisory",3.3,17.0,2,799.97,4.6
STF-01051,Treasury & Markets,Treasury Analyst,"credit_risk,treasury_ops,forex_ops,data_analytics,leadership",Treasury & Markets,Treasury Analyst,"data_analytics,forex_ops,treasury_ops,digital_banking",1.5,17.0,5,725.19,10.6
STF-01052,Private & Wealth,Relationship Manager,"wealth_management,sales_advisory,customer_service",Private & Wealth,Wealth Advisor,"leadership,wealth_management",1.7,21.0,3,402.99,10.2
STF-01053,Retail Banking,Teller,"teller_ops,branch_management,customer_service",Retail Banking,Branch Officer,"customer_service,teller_ops",0.9,13.0,4,821.76,2.6
STF-01054,Digital & IT,Systems Administrator,"cybersecurity,data_analytics,teller_ops",Digital & IT,Systems Administrator,"cybersecurity,it_support,data_analytics,treasury_ops",8.4,19.0,3,930.42,0.0
STF-01055,Digital & IT,Systems Administrator,"digital_banking,cybersecurity,data_analytics",Digital & IT,Systems Administrator,"it_support,cybersecurity,digital_banking",5.7,14.0,3,742.24,9.5
STF-01056,Digital & IT,Digital Banking Officer,"it_support,digital_banking,data_analytics,forex_ops",Treasury & Markets,Markets Associate,"forex_ops,credit_risk,data_analytics",6.6,8.0,2,625.83,0.0
STF-01057,Retail Banking,Teller,"sales_advisory,branch_management,customer_service,teller_ops",Private & Wealth,Private Banker,"wealth_management,sales_advisory,customer_service",5.0,21.0,5,847.92,11.9
STF-01058,Private & Wealth,Relationship Manager,"sales_advisory,leadership,wealth_management,loan_underwriting",Credit & Lending,Loan Officer,"credit_risk,aml_compliance",7.7,13.0,3,845.21,7.9
STF-01059,Digital & IT,Digital Banking Officer,"digital_banking,data_analytics,cybersecurity,it_support",Private & Wealth,Relationship Manager,"customer_service,sales_advisory",11.4,14.0,3,834.73,10.7
STF-01060,Digital & IT,IT Support Analyst,"it_support,digital_banking,cybersecurity,data_analytics",Digital & IT,Digital Banking Officer,"cybersecurity,data_analytics",1.7,16.0,4,757.63,6.6
STF-01061,Treasury & Markets,Treasury Analyst,"credit_risk,data_analytics,forex_ops,treasury_ops,it_support",Treasury & Markets,FX Dealer,"credit_risk,treasury_ops",2.4,12.0,2,776.83,4.9
STF-01062,Retail Banking,Branch Supervisor,"customer_service,teller_ops",Retail Banking,Customer Service Rep,"customer_service,sales_advisory",3.5,19.0,3,625.47,0.0
STF-01063,Private & Wealth,Wealth Advisor,"customer_service,wealth_management,sales_advisory,leadership",Digital & IT,Digital Banking Officer,"cybersecurity,digital_banking,aml_compliance",5.5,24.0,3,894.7,8.9
STF-01064,Treasury & Markets,Markets Associate,"credit_risk,forex_ops,treasury_ops",Retail Banking,Customer Service Rep,"customer_service,branch_management,it_support",3.3,15.0,3,639.9,3.9
STF-01065,Digital & IT,IT Support Analyst,"it_support,digital_banking",Compliance & Risk,Compliance Officer,"aml_compliance,leadership,cybersecurity,forex_ops",1.6,15.0,3,700.92,4.5
STF-01066,Compliance & Risk,Risk Analyst,"cybersecurity,aml_compliance,treasury_ops",Credit & Lending,Loan Officer,"credit_risk,data_analytics",7.7,8.0,4,962.51,4.8
STF-01067,Credit & Lending,Loan Officer,"credit_risk,loan_underwriting,aml_compliance",Compliance & Risk,AML Investigator,"cybersecurity,aml_compliance,credit_risk",3.7,30.0,2,970.24,12.3
STF-01068,Treasury & Markets,FX Dealer,"credit_risk,forex_ops,treasury_ops",Treasury & Markets,Treasury Analyst,"treasury_ops,data_analytics",5.9,15.0,3,664.16,8.9
STF-01069,Private & Wealth,Relationship Manager,"leadership,wealth_management,sales_advisory,customer_service",Private & Wealth,Relationship Manager,"leadership,sales_advisory,customer_service",0.9,21.0,4,527.37,0.0
STF-01070,Retail Banking,Customer Service Rep,"sales_advisory,customer_service",Retail Banking,Branch Officer,"sales_advisory,branch_management,teller_ops",12.6,22.0,2,922.01,5.3
STF-01071,Digital & IT,Systems Administrator,"data_analytics,cybersecurity,digital_banking,it_support",Digital & IT,Digital Banking Officer,"it_support,cybersecurity",1.7,15.0,3,678.28,3.9
STF-01072,Retail Banking,Teller,"branch_management,sales_advisory",Retail Banking,Branch Supervisor,"sales_advisory,customer_service,branch_management",7.8,11.0,3,814.24,7.1
STF-01073,Digital & IT,Digital Banking Officer,"data_analytics,digital_banking,cybersecurity,it_support,wealth_management",Digital & IT,Systems Administrator,"digital_banking,cybersecurity,data_analytics",7.3,20.0,2,735.63,11.5
STF-01074,Digital & IT,Digital Banking Officer,"digital_banking,data_analytics,cybersecurity,it_support,teller_ops",Credit & Lending,Credit Analyst,"credit_risk,loan_underwriting,it_support",3.5,14.0,3,621.53,12.5
STF-01075,Compliance & Risk,Compliance Officer,"aml_compliance,leadership,credit_risk,cybersecurity",Compliance & Risk,AML Investigator,"leadership,aml_compliance,customer_service",9.5,20.0,2,980.28,6.3
STF-01076,Digital & IT,Systems Administrator,"cybersecurity,digital_banking",Digital & IT,Systems Administrator,"cybersecurity,digital_banking",8.5,12.0,3,965.86,1.7
STF-01077,Compliance & Risk,AML Investigator,"credit_risk,cybersecurity",Digital & IT,IT Support Analyst,"digital_banking,it_support,cybersecurity",6.1,15.0,3,963.76,6.6
STF-01078,Digital & IT,Systems Administrator,"it_support,cybersecurity,data_analytics,sales_advisory",Private & Wealth,Relationship Manager,"sales_advisory,customer_service,wealth_management,credit_risk",0.8,16.0,4,866.18,6.8
STF-01079,Credit & Lending,Underwriter,"data_analytics,aml_compliance",Credit & Lending,Lending Manager,"credit_risk,loan_underwriting",6.8,15.0,4,765.89,7.0
STF-01080,Digital & IT,Digital Banking Officer,"it_support,digital_banking,aml_compliance",Private & Wealth,Relationship Manager,"wealth_management,leadership,treasury_ops",7.1,21.0,3,924.07,4.7
STF-01081,Compliance & Risk,AML Investigator,"aml_compliance,credit_risk",Treasury & Markets,FX Dealer,"forex_ops,data_analytics,credit_risk,aml_compliance",4.5,21.0,3,781.27,0.0
STF-01082,Compliance & Risk,AML Investigator,"leadership,credit_risk,teller_ops",Digital & IT,Systems Administrator,"data_analytics,digital_banking",4.2,16.0,4,512.21,4.6
STF-01083,Credit & Lending,Loan Officer,"data_analytics,aml_compliance,credit_risk,loan_underwriting,cybersecurity",Compliance & Risk,Risk Analyst,"cybersecurity,leadership,treasury_ops",4.8,23.0,2,627.23,5.4
STF-01084,Digital & IT,Systems Administrator,"data_analytics,it_support,digital_banking",Digital & IT,IT Support Analyst,"it_support,cybersecurity",4.2,18.0,3,812.6,2.9
STF-01085,Treasury & Markets,Markets Associate,"forex_ops,data_analytics,sales_advisory",Treasury & Markets,FX Dealer,"treasury_ops,credit_risk,forex_ops",2.6,17.0,4,802.72,7.9
STF-01086,Compliance & Risk,Risk Analyst,"cybersecurity,leadership",Compliance & Risk,Compliance Officer,"cybersecurity,leadership,aml_compliance",3.7,14.0,2,540.2,7.6
STF-01087,Credit & Lending,Lending Manager,"data_analytics,loan_underwriting,aml_compliance,credit_risk,digital_banking",Credit & Lending,Loan Officer,"aml_compliance,credit_risk,digital_banking",9.7,19.0,3,932.92,2.3
STF-01088,Digital & IT,IT Support Analyst,"data_analytics,cybersecurity",Retail Banking,Branch Supervisor,"customer_service,teller_ops,sales_advisory,aml_compliance",1.7,20.0,1,794.65,10.4
STF-01089,Credit & Lending,Credit Analyst,"credit_risk,aml_compliance",Credit & Lending,Loan Officer,"loan_underwriting,aml_compliance",0.1,20.0,3,746.15,3.4
STF-01090,Credit & Lending,Lending Manager,"loan_underwriting,aml_compliance,credit_risk,data_analytics,forex_ops",Private & Wealth,Wealth Advisor,"customer_service,sales_advisory",8.4,17.0,2,951.88,4.1
STF-01091,Credit & Lending,Underwriter,"loan_underwriting,aml_compliance",Private & Wealth,Relationship Manager,"customer_service,sales_advisory,leadership",0.1,23.0,2,699.23,6.0
STF-01092,Compliance & Risk,AML Investigator,"credit_risk,aml_compliance,cybersecurity,leadership",Compliance & Risk,Risk Analyst,"leadership,credit_risk",4.7,17.0,3,703.14,3.8
STF-01093,Compliance & Risk,Compliance Officer,"aml_compliance,credit_risk",Digital & IT,Systems Administrator,"digital_banking,cybersecurity",4.8,28.0,2,700.16,2.5
STF-01094,Credit & Lending,Loan Officer,"loan_underwriting,data_analytics,aml_compliance,credit_risk,branch_management",Treasury & Markets,Markets Associate,"forex_ops,data_analytics,aml_compliance",10.1,18.0,3,914.38,0.0
STF-01095,Treasury & Markets,Treasury Analyst,"data_analytics,forex_ops,credit_risk",Treasury & Markets,Markets Associate,"data_analytics,treasury_ops,forex_ops,teller_ops",0.8,21.0,2,729.06,5.4
STF-01096,Digital & IT,Digital Banking Officer,"digital_banking,data_analytics",Retail Banking,Teller,"sales_advisory,branch_management,teller_ops,aml_compliance",10.6,15.0,3,857.98,8.2
STF-01097,Digital & IT,IT Support Analyst,"it_support,cybersecurity,digital_banking",Digital & IT,Systems Administrator,"digital_banking,data_analytics",3.6,20.0,4,796.25,1.9
STF-01098,Retail Banking,Branch Supervisor,"sales_advisory,branch_management,leadership",Retail Banking,Teller,"sales_advisory,branch_management,customer_service",5.1,21.0,4,736.97,8.9
STF-01099,Digital & IT,IT Support Analyst,"data_analytics,cybersecurity",Retail Banking,Teller,"teller_ops,sales_advisory,customer_service,aml_compliance",6.8,18.0,2,876.07,11.0
STF-01100,Retail Banking,Branch Officer,"branch_management,customer_service,it_support",Credit & Lending,Lending Manager,"data_analytics,loan_underwriting,aml_compliance",12.5,23.0,2,853.74,9.6
STF-01101,Treasury & Markets,Markets Associate,"credit_risk,data_analytics",Treasury & Markets,Markets Associate,"forex_ops,data_analytics,treasury_ops",7.7,22.0,4,851.18,0.0
STF-01102,Compliance & Risk,AML Investigator,"cybersecurity,leadership",Compliance & Risk,Compliance Officer,"aml_compliance,leadership",5.4,28.0,2,876.05,6.0
STF-01103,Private & Wealth,Private Banker,"wealth_management,sales_advisory,customer_service,aml_compliance",Private & Wealth,Relationship Manager,"wealth_management,leadership,digital_banking",5.4,15.0,2,494.43,6.6
STF-01104,Retail Banking,Teller,"branch_management,sales_advisory,teller_ops",Retail Banking,Branch Supervisor,"branch_management,sales_advisory,aml_compliance",8.0,16.0,2,1169.2,0.6
STF-01105,Credit & Lending,Credit Analyst,"aml_compliance,credit_risk,loan_underwriting",Credit & Lending,Underwriter,"aml_compliance,credit_risk",9.1,13.0,2,925.68,12.1
STF-01106,Credit & Lending,Underwriter,"credit_risk,data_analytics,loan_underwriting",Treasury & Markets,Treasury Analyst,"credit_risk,treasury_ops,data_analytics,it_support",4.2,19.0,3,667.87,5.1
STF-01107,Retail Banking,Branch Supervisor,"sales_advisory,branch_management,teller_ops",Private & Wealth,Wealth Advisor,"leadership,customer_service,sales_advisory,digital_banking",4.8,15.0,3,711.09,5.4
STF-01108,Compliance & Risk,Risk Analyst,"leadership,credit_risk",Digital & IT,Systems Administrator,"cybersecurity,data_analytics",10.1,16.0,5,958.26,10.8
STF-01109,Private & Wealth,Private Banker,"wealth_management,leadership",Treasury & Markets,Treasury Analyst,"forex_ops,treasury_ops,data_analytics,leadership",11.1,18.0,3,1013.51,4.3
STF-01110,Treasury & Markets,Treasury Analyst,"data_analytics,credit_risk,treasury_ops",Retail Banking,Customer Service Rep,"branch_management,customer_service,aml_compliance",0.7,26.0,4,491.46,6.0
STF-01111,Treasury & Markets,Markets Associate,"credit_risk,forex_ops,treasury_ops,aml_compliance",Treasury & Markets,FX Dealer,"forex_ops,treasury_ops,credit_risk,wealth_management",11.8,15.0,3,1051.51,12.2
STF-01112,Digital & IT,IT Support Analyst,"it_support,data_analytics,digital_banking,cybersecurity,leadership",Digital & IT,Digital Banking Officer,"digital_banking,data_analytics,customer_service",1.5,17.0,2,410.04,10.2
STF-01113,Private & Wealth,Relationship Manager,"customer_service,wealth_management",Private & Wealth,Wealth Advisor,"sales_advisory,leadership,wealth_management,digital_banking",1.3,22.0,4,477.65,6.9
STF-01114,Compliance & Risk,Compliance Officer,"cybersecurity,leadership,credit_risk,aml_compliance,branch_management",Credit & Lending,Lending Manager,"credit_risk,aml_compliance,data_analytics,forex_ops",4.2,23.0,3,836.13,5.1
STF-01115,Credit & Lending,Underwriter,"loan_underwriting,credit_risk,aml_compliance,data_analytics",Retail Banking,Customer Service Rep,"branch_management,sales_advisory,customer_service,wealth_management",6.3,21.0,2,1006.54,5.2
STF-01116,Retail Banking,Customer Service Rep,"branch_management,sales_advisory,aml_compliance",Retail Banking,Branch Officer,"branch_management,sales_advisory",2.9,18.0,3,610.2,10.1
STF-01117,Treasury & Markets,Markets Associate,"treasury_ops,data_analytics,credit_risk",Treasury & Markets,Treasury Analyst,"forex_ops,treasury_ops,customer_service",0.7,13.0,4,623.48,9.7
STF-01118,Compliance & Risk,Compliance Officer,"cybersecurity,aml_compliance,forex_ops",Private & Wealth,Private Banker,"sales_advisory,leadership,customer_service,digital_banking",1.0,23.0,3,508.6,8.6
STF-01119,Retail Banking,Branch Officer,"branch_management,customer_service,sales_advisory,teller_ops,treasury_ops",Compliance & Risk,AML Investigator,"leadership,credit_risk,it_support",2.2,19.0,4,964.68,6.2
STF-01120,Digital & IT,Digital Banking Officer,"cybersecurity,it_support,digital_banking,data_analytics",Credit & Lending,Lending Manager,"data_analytics,aml_compliance",6.2,21.0,3,699.34,8.4
STF-01121,Retail Banking,Teller,"customer_service,sales_advisory",Treasury & Markets,Treasury Analyst,"data_analytics,treasury_ops,teller_ops",9.8,17.0,2,965.01,5.4
STF-01122,Digital & IT,Digital Banking Officer,"digital_banking,it_support,data_analytics,cybersecurity,loan_underwriting",Private & Wealth,Relationship Manager,"wealth_management,customer_service",1.1,17.0,2,735.35,9.6
STF-01123,Treasury & Markets,FX Dealer,"data_analytics,forex_ops,aml_compliance",Treasury & Markets,Treasury Analyst,"data_analytics,treasury_ops,credit_risk",8.0,15.0,1,836.84,0.0
STF-01124,Treasury & Markets,Markets Associate,"data_analytics,forex_ops,credit_risk,treasury_ops,aml_compliance",Private & Wealth,Private Banker,"wealth_management,sales_advisory",2.3,11.0,4,871.77,2.4
STF-01125,Treasury & Markets,Markets Associate,"forex_ops,treasury_ops,data_analytics,credit_risk",Private & Wealth,Relationship Manager,"leadership,sales_advisory,customer_service",11.7,13.0,4,749.93,3.9
STF-01126,Retail Banking,Customer Service Rep,"branch_management,sales_advisory",Retail Banking,Branch Officer,"sales_advisory,customer_service,branch_management",1.2,21.0,2,878.65,2.6
STF-01127,Credit & Lending,Underwriter,"data_analytics,loan_underwriting,treasury_ops",Credit & Lending,Loan Officer,"data_analytics,credit_risk,aml_compliance,it_support",2.8,21.0,3,588.32,6.7
STF-01128,Private & Wealth,Private Banker,"customer_service,leadership",Private & Wealth,Private Banker,"sales_advisory,leadership,treasury_ops",2.9,19.0,3,868.71,7.3
STF-01129,Digital & IT,IT Support Analyst,"digital_banking,it_support,cybersecurity,data_analytics,treasury_ops",Digital & IT,Digital Banking Officer,"it_support,cybersecurity,digital_banking",2.3,15.0,3,716.76,14.7
STF-01130,Credit & Lending,Credit Analyst,"aml_compliance,data_analytics,loan_underwriting,credit_risk,branch_management",Credit & Lending,Underwriter,"data_analytics,loan_underwriting",0.4,13.0,3,531.79,4.6
STF-01131,Digital & IT,Digital Banking Officer,"cybersecurity,it_support,data_analytics",Digital & IT,Digital Banking Officer,"cybersecurity,data_analytics",3.5,13.0,2,762.59,10.3
STF-01132,Compliance & Risk,AML Investigator,"cybersecurity,credit_risk,sales_advisory",Credit & Lending,Underwriter,"data_analytics,credit_risk,branch_management",8.6,23.0,3,908.06,2.7
STF-01133,Retail Banking,Branch Officer,"customer_service,branch_management,teller_ops,sales_advisory,aml_compliance",Retail Banking,Branch Officer,"customer_service,branch_management,treasury_ops",3.5,8.0,3,697.84,5.9
STF-01134,Credit & Lending,Underwriter,"loan_underwriting,aml_compliance",Credit & Lending,Credit Analyst,"loan_underwriting,data_analytics",7.7,17.0,3,987.54,6.5
STF-01135,Treasury & Markets,FX Dealer,"credit_risk,data_analytics",Retail Banking,Branch Officer,"teller_ops,customer_service,branch_management,sales_advisory",5.8,16.0,3,869.83,9.9
STF-01136,Treasury & Markets,FX Dealer,"credit_risk,forex_ops,sales_advisory",Treasury & Markets,FX Dealer,"data_analytics,treasury_ops,loan_underwriting",4.7,15.0,3,528.27,8.8
STF-01137,Treasury & Markets,Treasury Analyst,"data_analytics,forex_ops,it_support",Treasury & Markets,Markets Associate,"data_analytics,credit_risk",8.9,25.0,3,893.13,12.7
STF-01138,Private & Wealth,Wealth Advisor,"customer_service,leadership,sales_advisory,wealth_management",Private & Wealth,Wealth Advisor,"customer_service,wealth_management",15.2,25.0,2,1150.36,10.1
STF-01139,Private & Wealth,Wealth Advisor,"sales_advisory,leadership",Credit & Lending,Lending Manager,"aml_compliance,credit_risk,leadership",3.6,21.0,3,615.2,3.6
STF-01140,Retail Banking,Teller,"sales_advisory,teller_ops,branch_management,customer_service",Retail Banking,Branch Officer,"customer_service,branch_management",6.4,19.0,4,889.08,9.2
STF-01141,Credit & Lending,Lending Manager,"aml_compliance,data_analytics,credit_risk,loan_underwriting",Treasury & Markets,FX Dealer,"credit_risk,data_analytics,forex_ops,loan_underwriting",3.7,12.0,3,630.66,10.8
STF-01142,Private & Wealth,Private Banker,"customer_service,wealth_management",Private & Wealth,Relationship Manager,"leadership,sales_advisory,customer_service",7.3,19.0,2,731.1,0.5
STF-01143,Private & Wealth,Wealth Advisor,"leadership,sales_advisory,customer_service,wealth_management",Compliance & Risk,Compliance Officer,"aml_compliance,cybersecurity",3.5,16.0,3,559.21,0.0
STF-01144,Private & Wealth,Relationship Manager,"leadership,customer_service",Private & Wealth,Relationship Manager,"wealth_management,sales_advisory,leadership",2.6,16.0,3,777.35,7.7
STF-01145,Credit & Lending,Underwriter,"loan_underwriting,credit_risk,aml_compliance,treasury_ops",Credit & Lending,Underwriter,"aml_compliance,data_analytics,credit_risk",2.6,23.0,3,648.01,8.3
STF-01146,Digital & IT,Digital Banking Officer,"it_support,cybersecurity,digital_banking,data_analytics",Credit & Lending,Underwriter,"credit_risk,data_analytics,sales_advisory",7.4,11.0,2,715.44,2.1
STF-01147,Retail Banking,Branch Supervisor,"customer_service,branch_management,teller_ops,sales_advisory,credit_risk",Retail Banking,Branch Officer,"customer_service,branch_management,teller_ops,sales_advisory",6.1,17.0,2,857.55,1.7
STF-01148,Compliance & Risk,AML Investigator,"leadership,credit_risk,cybersecurity,aml_compliance",Retail Banking,Branch Supervisor,"sales_advisory,branch_management,teller_ops",4.8,21.0,4,764.63,2.5
STF-01149,Private & Wealth,Relationship Manager,"customer_service,leadership,sales_advisory,wealth_management",Treasury & Markets,Markets Associate,"treasury_ops,forex_ops,credit_risk",0.8,13.0,2,792.01,10.7
STF-01150,Digital & IT,Digital Banking Officer,"data_analytics,it_support,cybersecurity",Retail Banking,Customer Service Rep,"teller_ops,sales_advisory,customer_service,leadership",5.9,16.0,3,669.91,1.0
STF-01151,Compliance & Risk,Risk Analyst,"cybersecurity,aml_compliance,treasury_ops",Compliance & Risk,Compliance Officer,"aml_compliance,credit_risk",15.3,19.0,3,1178.76,2.2
STF-01152,Treasury & Markets,Treasury Analyst,"forex_ops,credit_risk,data_analytics,treasury_ops,it_support",Treasury & Markets,FX Dealer,"credit_risk,treasury_ops,forex_ops,leadership",6.9,20.0,3,848.3,2.7
STF-01153,Credit & Lending,Loan Officer,"aml_compliance,data_analytics,loan_underwriting,credit_risk",Credit & Lending,Underwriter,"data_analytics,loan_underwriting,credit_risk,sales_advisory",1.0,24.0,4,662.43,3.9
STF-01154,Compliance & Risk,Compliance Officer,"cybersecurity,aml_compliance,forex_ops",Compliance & Risk,Compliance Officer,"cybersecurity,credit_risk",10.2,13.0,3,601.23,8.8
STF-01155,Retail Banking,Branch Supervisor,"sales_advisory,teller_ops,branch_management",Retail Banking,Branch Officer,"customer_service,teller_ops",5.0,20.0,3,723.89,4.7
STF-01156,Credit & Lending,Credit Analyst,"loan_underwriting,credit_risk,data_analytics",Retail Banking,Customer Service Rep,"branch_management,sales_advisory,it_support",4.0,22.0,3,734.51,8.3
STF-01157,Private & Wealth,Private Banker,"customer_service,leadership,wealth_management,aml_compliance",Private & Wealth,Wealth Advisor,"leadership,customer_service,sales_advisory",0.2,18.0,3,647.77,14.3
STF-01158,Treasury & Markets,Markets Associate,"credit_risk,treasury_ops,data_analytics,forex_ops",Treasury & Markets,Markets Associate,"forex_ops,data_analytics,credit_risk",10.1,26.0,4,719.54,1.2
STF-01159,Credit & Lending,Loan Officer,"data_analytics,credit_risk",Credit & Lending,Loan Officer,"data_analytics,loan_underwriting",0.2,17.0,3,866.79,9.7
STF-01160,Treasury & Markets,FX Dealer,"forex_ops,treasury_ops",Retail Banking,Branch Supervisor,"sales_advisory,customer_service,teller_ops,credit_risk",5.7,19.0,3,727.93,11.2
STF-01161,Compliance & Risk,Compliance Officer,"cybersecurity,aml_compliance",Private & Wealth,Private Banker,"customer_service,leadership,wealth_management",4.5,15.0,4,612.28,2.7
STF-01162,Private & Wealth,Private Banker,"leadership,customer_service,wealth_management,treasury_ops",Compliance & Risk,Compliance Officer,"aml_compliance,credit_risk",2.6,23.0,3,868.02,5.6
STF-01163,Treasury & Markets,Treasury Analyst,"treasury_ops,forex_ops,data_analytics",Treasury & Markets,Treasury Analyst,"forex_ops,credit_risk,treasury_ops",6.2,23.0,3,823.28,6.4
STF-01164,Private & Wealth,Private Banker,"sales_advisory,wealth_management,leadership",Credit & Lending,Lending Manager,"loan_underwriting,credit_risk",2.0,15.0,3,665.52,12.6
STF-01165,Retail Banking,Teller,"branch_management,sales_advisory,customer_service,teller_ops",Credit & Lending,Loan Officer,"loan_underwriting,data_analytics",2.9,15.0,4,812.66,5.8
STF-01166,Digital & IT,Digital Banking Officer,"it_support,cybersecurity,digital_banking,loan_underwriting",Compliance & Risk,Compliance Officer,"aml_compliance,cybersecurity,leadership",1.0,19.0,4,700.63,1.2
STF-01167,Credit & Lending,Credit Analyst,"data_analytics,aml_compliance,loan_underwriting",Private & Wealth,Private Banker,"sales_advisory,wealth_management,leadership,customer_service",5.2,20.0,3,790.23,5.3
STF-01168,Private & Wealth,Private Banker,"sales_advisory,wealth_management,customer_service,leadership",Private & Wealth,Wealth Advisor,"sales_advisory,leadership,customer_service",5.0,17.0,4,926.21,0.8
STF-01169,Treasury & Markets,Markets Associate,"treasury_ops,credit_risk,forex_ops",Digital & IT,IT Support Analyst,"cybersecurity,data_analytics",0.6,27.0,3,665.01,7.1
STF-01170,Retail Banking,Customer Service Rep,"customer_service,teller_ops",Retail Banking,Branch Supervisor,"customer_service,branch_management,sales_advisory,data_analytics",10.6,11.0,3,1086.54,6.6
STF-01171,Retail Banking,Branch Supervisor,"customer_service,sales_advisory,teller_ops",Digital & IT,Systems Administrator,"it_support,digital_banking,loan_underwriting",5.5,22.0,3,768.38,14.5
STF-01172,Credit & Lending,Lending Manager,"loan_underwriting,data_analytics",Digital & IT,Digital Banking Officer,"cybersecurity,digital_banking,customer_service",0.3,20.0,2,763.1,3.3
STF-01173,Private & Wealth,Private Banker,"leadership,sales_advisory,wealth_management",Private & Wealth,Relationship Manager,"customer_service,leadership,digital_banking",9.2,24.0,3,638.04,7.3
STF-01174,Retail Banking,Teller,"customer_service,branch_management,sales_advisory,teller_ops",Retail Banking,Teller,"teller_ops,customer_service,branch_management,forex_ops",6.7,19.0,3,701.65,10.5
STF-01175,Treasury & Markets,FX Dealer,"forex_ops,treasury_ops",Treasury & Markets,Treasury Analyst,"treasury_ops,forex_ops,data_analytics",13.4,17.0,3,983.84,9.5
STF-01176,Compliance & Risk,Compliance Officer,"leadership,cybersecurity,credit_risk,it_support",Compliance & Risk,AML Investigator,"leadership,aml_compliance,digital_banking",0.7,12.0,1,758.9,4.4
STF-01177,Credit & Lending,Credit Analyst,"loan_underwriting,data_analytics,credit_risk,aml_compliance",Digital & IT,Systems Administrator,"it_support,digital_banking,data_analytics",4.5,19.0,2,741.17,9.3
STF-01178,Treasury & Markets,Treasury Analyst,"data_analytics,credit_risk,treasury_ops,forex_ops,cybersecurity",Credit & Lending,Underwriter,"aml_compliance,credit_risk,branch_management",1.5,15.0,3,761.61,10.9
STF-01179,Credit & Lending,Lending Manager,"credit_risk,data_analytics,wealth_management",Retail Banking,Teller,"branch_management,sales_advisory,wealth_management",4.9,13.0,3,668.5,3.0
STF-01180,Retail Banking,Teller,"customer_service,branch_management,teller_ops,sales_advisory,leadership",Private & Wealth,Relationship Manager,"wealth_management,customer_service,leadership,credit_risk",6.4,21.0,3,727.33,10.3
STF-01181,Compliance & Risk,Compliance Officer,"cybersecurity,credit_risk,branch_management",Private & Wealth,Relationship Manager,"sales_advisory,customer_service,wealth_management,leadership",1.0,20.0,3,790.5,9.2
STF-01182,Private & Wealth,Private Banker,"customer_service,sales_advisory,wealth_management",Credit & Lending,Loan Officer,"aml_compliance,data_analytics,loan_underwriting",3.7,19.0,4,528.95,3.0
STF-01183,Retail Banking,Teller,"branch_management,customer_service,forex_ops",Retail Banking,Branch Officer,"teller_ops,customer_service,leadership",10.1,20.0,3,797.41,11.5
STF-01184,Private & Wealth,Relationship Manager,"leadership,customer_service",Compliance & Risk,Risk Analyst,"leadership,aml_compliance,customer_service",5.5,16.0,3,786.71,10.9
STF-01185,Retail Banking,Customer Service Rep,"customer_service,teller_ops,sales_advisory",Digital & IT,Digital Banking Officer,"cybersecurity,digital_banking,customer_service",5.0,22.0,2,1026.87,3.6
STF-01186,Retail Banking,Teller,"customer_service,sales_advisory,aml_compliance",Compliance & Risk,Risk Analyst,"aml_compliance,credit_risk",8.5,19.0,4,814.62,7.6
STF-01187,Private & Wealth,Wealth Advisor,"customer_service,leadership",Retail Banking,Customer Service Rep,"teller_ops,sales_advisory,customer_service,forex_ops",15.0,17.0,2,978.97,7.0
STF-01188,Private & Wealth,Wealth Advisor,"sales_advisory,customer_service,leadership,wealth_management",Private & Wealth,Wealth Advisor,"leadership,customer_service,wealth_management",12.4,13.0,3,863.88,0.0
STF-01189,Retail Banking,Teller,"customer_service,sales_advisory,teller_ops,wealth_management",Retail Banking,Teller,"sales_advisory,teller_ops,customer_service",3.7,17.0,2,675.11,1.2
STF-01190,Digital & IT,Digital Banking Officer,"it_support,data_analytics,digital_banking,wealth_management",Treasury & Markets,Markets Associate,"credit_risk,forex_ops,wealth_management",7.1,13.0,2,854.48,1.8
STF-01191,Digital & IT,Digital Banking Officer,"cybersecurity,digital_banking,teller_ops",Digital & IT,IT Support Analyst,"data_analytics,digital_banking,it_support,credit_risk",2.1,19.0,2,732.77,12.2
STF-01192,Compliance & Risk,AML Investigator,"aml_compliance,cybersecurity,leadership,credit_risk",Compliance & Risk,AML Investigator,"aml_compliance,credit_risk,cybersecurity",11.0,19.0,2,1036.95,5.1
STF-01193,Compliance & Risk,AML Investigator,"cybersecurity,credit_risk,aml_compliance",Compliance & Risk,AML Investigator,"cybersecurity,aml_compliance,leadership,forex_ops",4.7,19.0,2,893.24,10.9
STF-01194,Private & Wealth,Relationship Manager,"customer_service,leadership,sales_advisory,wealth_management",Treasury & Markets,FX Dealer,"forex_ops,treasury_ops,data_analytics,digital_banking",1.2,12.0,4,741.77,2.6
STF-01195,Treasury & Markets,FX Dealer,"credit_risk,data_analytics,treasury_ops,forex_ops,it_support",Treasury & Markets,Treasury Analyst,"treasury_ops,data_analytics",1.3,15.0,2,785.08,2.1
STF-01196,Credit & Lending,Loan Officer,"loan_underwriting,credit_risk,branch_management",Private & Wealth,Private Banker,"leadership,wealth_management",3.3,10.0,3,683.52,6.6
STF-01197,Compliance & Risk,AML Investigator,"cybersecurity,aml_compliance,credit_risk",Treasury & Markets,Markets Associate,"forex_ops,credit_risk,treasury_ops",1.8,24.0,4,677.57,5.7
STF-01198,Treasury & Markets,Treasury Analyst,"treasury_ops,forex_ops,data_analytics,credit_risk",Treasury & Markets,FX Dealer,"treasury_ops,data_analytics",6.8,15.0,5,786.11,9.7
STF-01199,Digital & IT,Systems Administrator,"it_support,data_analytics,digital_banking,cybersecurity,credit_risk",Digital & IT,Systems Administrator,"digital_banking,it_support",2.4,21.0,2,656.57,13.1
STF-01200,Digital & IT,IT Support Analyst,"data_analytics,cybersecurity,it_support",Digital & IT,Systems Administrator,"data_analytics,it_support,loan_underwriting",2.2,19.0,3,874.38,6.1
STF-01201,Digital & IT,IT Support Analyst,"data_analytics,cybersecurity,digital_banking",Digital & IT,IT Support Analyst,"digital_banking,data_analytics,credit_risk",1.0,23.0,2,718.31,3.0
STF-01202,Digital & IT,IT Support Analyst,"cybersecurity,it_support,digital_banking,data_analytics",Digital & IT,Systems Administrator,"digital_banking,data_analytics,cybersecurity,branch_management",1.9,17.0,2,925.09,5.8
STF-01203,Digital & IT,IT Support Analyst,"digital_banking,it_support,data_analytics,cybersecurity,sales_advisory",Digital & IT,Digital Banking Officer,"digital_banking,it_support,data_analytics,sales_advisory",2.3,14.0,3,699.63,3.1
STF-01204,Compliance & Risk,Compliance Officer,"credit_risk,aml_compliance,cybersecurity,customer_service",Retail Banking,Branch Supervisor,"sales_advisory,customer_service,teller_ops,forex_ops",7.9,17.0,2,822.55,5.6
STF-01205,Private & Wealth,Wealth Advisor,"wealth_management,sales_advisory",Credit & Lending,Lending Manager,"credit_risk,loan_underwriting,teller_ops",1.3,22.0,1,787.71,3.5
STF-01206,Compliance & Risk,AML Investigator,"aml_compliance,leadership,cybersecurity,credit_risk,it_support",Compliance & Risk,AML Investigator,"cybersecurity,aml_compliance,credit_risk,treasury_ops",2.2,15.0,2,827.97,4.0
STF-01207,Compliance & Risk,AML Investigator,"credit_risk,aml_compliance,leadership,cybersecurity",Compliance & Risk,Compliance Officer,"cybersecurity,leadership,aml_compliance,forex_ops",4.5,20.0,4,953.23,0.0
STF-01208,Private & Wealth,Relationship Manager,"customer_service,wealth_management",Treasury & Markets,Treasury Analyst,"forex_ops,treasury_ops",2.0,28.0,2,706.21,4.9
STF-01209,Retail Banking,Branch Officer,"teller_ops,branch_management,credit_risk",Private & Wealth,Wealth Advisor,"wealth_management,leadership",8.8,17.0,2,1015.56,4.9
STF-01210,Treasury & Markets,Markets Associate,"credit_risk,treasury_ops,data_analytics",Treasury & Markets,FX Dealer,"credit_risk,data_analytics,aml_compliance",2.8,15.0,3,888.19,8.3
STF-01211,Private & Wealth,Relationship Manager,"sales_advisory,wealth_management,branch_management",Private & Wealth,Relationship Manager,"leadership,sales_advisory",5.0,18.0,3,670.42,12.0
STF-01212,Retail Banking,Teller,"customer_service,sales_advisory",Retail Banking,Customer Service Rep,"sales_advisory,customer_service,wealth_management",6.3,23.0,2,789.39,4.3
STF-01213,Retail Banking,Branch Officer,"branch_management,customer_service,sales_advisory",Retail Banking,Branch Officer,"branch_management,sales_advisory,teller_ops",2.8,19.0,3,863.32,3.8
STF-01214,Digital & IT,Systems Administrator,"data_analytics,cybersecurity,digital_banking,wealth_management",Digital & IT,Systems Administrator,"digital_banking,cybersecurity",3.0,23.0,2,797.27,0.0
STF-01215,Retail Banking,Teller,"teller_ops,customer_service",Treasury & Markets,Markets Associate,"data_analytics,credit_risk",1.8,18.0,3,773.0,7.8
STF-01216,Private & Wealth,Wealth Advisor,"wealth_management,sales_advisory,customer_service,forex_ops",Private & Wealth,Relationship Manager,"leadership,sales_advisory",3.3,14.0,3,699.61,0.0
STF-01217,Treasury & Markets,FX Dealer,"credit_risk,data_analytics,treasury_ops,forex_ops",Compliance & Risk,Risk Analyst,"aml_compliance,cybersecurity,leadership,credit_risk",1.7,15.0,2,663.21,14.5
STF-01218,Credit & Lending,Credit Analyst,"data_analytics,aml_compliance,loan_underwriting",Private & Wealth,Private Banker,"leadership,wealth_management",4.0,24.0,2,661.85,4.2
STF-01219,Digital & IT,IT Support Analyst,"it_support,cybersecurity,data_analytics,treasury_ops",Digital & IT,Systems Administrator,"data_analytics,digital_banking,cybersecurity,leadership",7.5,16.0,4,888.45,7.8
STF-01220,Compliance & Risk,Risk Analyst,"cybersecurity,credit_risk",Compliance & Risk,Risk Analyst,"credit_risk,cybersecurity,treasury_ops",9.2,25.0,3,858.95,10.8
STF-01221,Credit & Lending,Lending Manager,"data_analytics,credit_risk,cybersecurity",Credit & Lending,Loan Officer,"aml_compliance,data_analytics,loan_underwriting",3.1,18.0,3,510.2,4.2
STF-01222,Private & Wealth,Wealth Advisor,"sales_advisory,customer_service,leadership",Private & Wealth,Relationship Manager,"sales_advisory,leadership,wealth_management",5.0,14.0,3,620.13,3.9
STF-01223,Credit & Lending,Lending Manager,"aml_compliance,credit_risk",Digital & IT,IT Support Analyst,"it_support,data_analytics",1.4,21.0,2,703.22,8.6
STF-01224,Retail Banking,Customer Service Rep,"sales_advisory,teller_ops,customer_service,branch_management",Retail Banking,Customer Service Rep,"branch_management,sales_advisory,customer_service,it_support",1.8,20.0,3,664.17,0.3
STF-01225,Treasury & Markets,FX Dealer,"data_analytics,forex_ops,treasury_ops,credit_risk",Treasury & Markets,Treasury Analyst,"data_analytics,forex_ops,treasury_ops",5.4,24.0,3,832.21,8.4
STF-01226,Compliance & Risk,Compliance Officer,"credit_risk,leadership,aml_compliance,cybersecurity",Treasury & Markets,Markets Associate,"data_analytics,forex_ops,treasury_ops,leadership",4.8,20.0,2,852.17,4.2
STF-01227,Credit & Lending,Underwriter,"aml_compliance,loan_underwriting",Credit & Lending,Lending Manager,"loan_underwriting,credit_risk,it_support",3.4,22.0,2,696.07,7.8
STF-01228,Private & Wealth,Relationship Manager,"customer_service,leadership",Credit & Lending,Credit Analyst,"aml_compliance,data_analytics,credit_risk",3.1,16.0,2,680.16,0.7
STF-01229,Private & Wealth,Relationship Manager,"wealth_management,leadership",Private & Wealth,Wealth Advisor,"wealth_management,sales_advisory,customer_service",4.9,19.0,4,477.34,12.9
STF-01230,Private & Wealth,Private Banker,"customer_service,sales_advisory",Private & Wealth,Relationship Manager,"customer_service,leadership",2.5,24.0,4,784.8,9.7
STF-01231,Private & Wealth,Private Banker,"sales_advisory,wealth_management",Private & Wealth,Wealth Advisor,"sales_advisory,customer_service,wealth_management",1.9,18.0,3,946.25,0.0
STF-01232,Retail Banking,Customer Service Rep,"sales_advisory,teller_ops,customer_service,branch_management,loan_underwriting",Retail Banking,Branch Supervisor,"sales_advisory,branch_management,customer_service,credit_risk",3.2,18.0,4,616.55,2.5
STF-01233,Credit & Lending,Lending Manager,"data_analytics,loan_underwriting,leadership",Credit & Lending,Lending Manager,"aml_compliance,loan_underwriting",7.0,17.0,3,801.3,3.8
STF-01234,Treasury & Markets,Treasury Analyst,"treasury_ops,credit_risk",Credit & Lending,Underwriter,"data_analytics,aml_compliance,credit_risk",3.9,22.0,3,433.08,6.3
STF-01235,Compliance & Risk,Compliance Officer,"leadership,credit_risk,aml_compliance",Compliance & Risk,Risk Analyst,"credit_risk,cybersecurity,leadership",4.9,15.0,3,840.01,5.3
STF-01236,Retail Banking,Branch Officer,"teller_ops,sales_advisory,customer_service",Treasury & Markets,FX Dealer,"forex_ops,credit_risk",3.6,22.0,3,920.47,0.0
STF-01237,Retail Banking,Customer Service Rep,"branch_management,teller_ops,sales_advisory,customer_service",Retail Banking,Branch Officer,"customer_service,branch_management,teller_ops",5.1,22.0,4,831.2,10.1
STF-01238,Credit & Lending,Lending Manager,"credit_risk,loan_underwriting,data_analytics,aml_compliance",Retail Banking,Branch Supervisor,"customer_service,branch_management,teller_ops,digital_banking",0.8,14.0,2,682.88,3.1
STF-01239,Treasury & Markets,Treasury Analyst,"data_analytics,treasury_ops,cybersecurity",Treasury & Markets,FX Dealer,"treasury_ops,forex_ops",4.5,19.0,3,828.33,2.1
STF-01240,Private & Wealth,Wealth Advisor,"customer_service,leadership,sales_advisory",Treasury & Markets,Treasury Analyst,"forex_ops,treasury_ops,cybersecurity",3.8,20.0,3,731.73,5.8
STF-01241,Private & Wealth,Private Banker,"customer_service,sales_advisory,leadership",Private & Wealth,Relationship Manager,"customer_service,sales_advisory",1.2,15.0,2,670.43,0.0
STF-01242,Credit & Lending,Loan Officer,"aml_compliance,data_analytics,credit_risk",Credit & Lending,Lending Manager,"data_analytics,credit_risk,loan_underwriting",3.2,12.0,3,717.01,11.4
STF-01243,Compliance & Risk,Compliance Officer,"leadership,credit_risk,aml_compliance,cybersecurity",Retail Banking,Branch Officer,"sales_advisory,customer_service,aml_compliance",3.0,22.0,2,772.44,8.7
STF-01244,Credit & Lending,Lending Manager,"credit_risk,loan_underwriting,data_analytics",Treasury & Markets,Treasury Analyst,"data_analytics,treasury_ops,leadership",3.4,14.0,3,808.56,10.6
STF-01245,Compliance & Risk,Risk Analyst,"leadership,aml_compliance,cybersecurity,forex_ops",Compliance & Risk,Risk Analyst,"cybersecurity,credit_risk,aml_compliance",1.6,17.0,3,845.08,4.9
STF-01246,Retail Banking,Branch Supervisor,"teller_ops,customer_service,branch_management,sales_advisory,leadership",Retail Banking,Branch Officer,"teller_ops,sales_advisory,customer_service",2.8,18.0,3,588.25,4.4
STF-01247,Compliance & Risk,AML Investigator,"aml_compliance,credit_risk,cybersecurity",Compliance & Risk,Compliance Officer,"cybersecurity,leadership,aml_compliance",4.7,23.0,3,801.47,8.1
STF-01248,Compliance & Risk,Compliance Officer,"aml_compliance,leadership,loan_underwriting",Digital & IT,IT Support Analyst,"cybersecurity,it_support",2.1,20.0,4,795.88,12.6
STF-01249,Retail Banking,Teller,"branch_management,teller_ops,customer_service",Retail Banking,Branch Supervisor,"customer_service,branch_management,teller_ops",2.8,19.0,4,709.63,5.8
STF-01250,Retail Banking,Branch Supervisor,"sales_advisory,teller_ops,branch_management",Private & Wealth,Relationship Manager,"leadership,wealth_management,customer_service,credit_risk",1.9,20.0,4,492.9,10.7
STF-01251,Credit & Lending,Lending Manager,"data_analytics,loan_underwriting,branch_management",Credit & Lending,Underwriter,"data_analytics,aml_compliance,loan_underwriting,forex_ops",3.6,22.0,2,532.97,9.1
STF-01252,Digital & IT,Digital Banking Officer,"it_support,data_analytics,digital_banking",Digital & IT,IT Support Analyst,"it_support,cybersecurity",0.7,25.0,2,579.85,13.8
STF-01253,Retail Banking,Customer Service Rep,"sales_advisory,branch_management",Retail Banking,Branch Officer,"teller_ops,sales_advisory,branch_management,customer_service",8.3,14.0,3,840.58,0.0
STF-01254,Private & Wealth,Private Banker,"leadership,sales_advisory,credit_risk",Private & Wealth,Private Banker,"wealth_management,leadership,customer_service",1.8,17.0,3,749.24,3.3
STF-01255,Treasury & Markets,Markets Associate,"treasury_ops,forex_ops",Digital & IT,Digital Banking Officer,"it_support,data_analytics",9.9,18.0,3,860.41,4.4
STF-01256,Private & Wealth,Wealth Advisor,"wealth_management,leadership",Private & Wealth,Wealth Advisor,"wealth_management,sales_advisory",4.0,17.0,4,735.3,3.3
STF-01257,Digital & IT,Systems Administrator,"cybersecurity,digital_banking",Treasury & Markets,FX Dealer,"data_analytics,forex_ops,credit_risk,digital_banking",5.5,15.0,2,904.51,3.1
STF-01258,Digital & IT,Digital Banking Officer,"cybersecurity,digital_banking,leadership",Digital & IT,Digital Banking Officer,"data_analytics,digital_banking",1.9,18.0,2,686.45,9.9
STF-01259,Private & Wealth,Relationship Manager,"sales_advisory,leadership,wealth_management",Private & Wealth,Private Banker,"customer_service,wealth_management",1.5,16.0,3,643.0,3.2
STF-01260,Private & Wealth,Private Banker,"leadership,sales_advisory,it_support",Private & Wealth,Private Banker,"sales_advisory,wealth_management,aml_compliance",16.1,20.0,1,1307.37,4.8
STF-01261,Compliance & Risk,AML Investigator,"cybersecurity,credit_risk",Treasury & Markets,FX Dealer,"forex_ops,treasury_ops",3.6,9.0,3,648.12,2.9
STF-01262,Credit & Lending,Credit Analyst,"aml_compliance,loan_underwriting,data_analytics,digital_banking",Credit & Lending,Credit Analyst,"credit_risk,data_analytics,aml_compliance",7.2,17.0,2,699.83,9.1
STF-01263,Credit & Lending,Credit Analyst,"credit_risk,data_analytics,loan_underwriting,aml_compliance",Compliance & Risk,Risk Analyst,"credit_risk,aml_compliance",2.0,16.0,3,771.78,11.2
STF-01264,Retail Banking,Branch Supervisor,"teller_ops,sales_advisory,data_analytics",Compliance & Risk,Compliance Officer,"leadership,aml_compliance,credit_risk",11.2,19.0,3,836.17,10.1
STF-01265,Retail Banking,Branch Officer,"customer_service,branch_management,teller_ops,sales_advisory",Compliance & Risk,Compliance Officer,"leadership,credit_risk",9.1,17.0,4,804.28,5.8
STF-01266,Treasury & Markets,FX Dealer,"forex_ops,treasury_ops",Treasury & Markets,Markets Associate,"treasury_ops,credit_risk",2.7,15.0,4,658.11,9.9
STF-01267,Credit & Lending,Credit Analyst,"loan_underwriting,credit_risk",Credit & Lending,Underwriter,"data_analytics,credit_risk,aml_compliance",7.3,22.0,2,998.99,7.3
STF-01268,Retail Banking,Branch Supervisor,"customer_service,teller_ops",Private & Wealth,Private Banker,"wealth_management,sales_advisory",9.7,19.0,2,775.29,12.2
STF-01269,Private & Wealth,Relationship Manager,"leadership,customer_service,sales_advisory,wealth_management,data_analytics",Credit & Lending,Underwriter,"data_analytics,loan_underwriting,it_support",11.1,12.0,2,832.43,4.4
STF-01270,Digital & IT,IT Support Analyst,"data_analytics,it_support,digital_banking,cybersecurity",Digital & IT,IT Support Analyst,"data_analytics,cybersecurity,digital_banking,teller_ops",1.0,21.0,3,782.17,5.0
STF-01271,Credit & Lending,Credit Analyst,"loan_underwriting,data_analytics,credit_risk",Digital & IT,IT Support Analyst,"cybersecurity,it_support",4.1,17.0,3,856.13,3.4
STF-01272,Retail Banking,Customer Service Rep,"branch_management,sales_advisory,teller_ops,customer_service",Credit & Lending,Loan Officer,"credit_risk,data_analytics,loan_underwriting",0.5,18.0,3,726.07,1.7
STF-01273,Retail Banking,Branch Officer,"sales_advisory,branch_management,customer_service",Retail Banking,Customer Service Rep,"sales_advisory,customer_service,cybersecurity",0.6,15.0,3,796.5,7.3
STF-01274,Private & Wealth,Private Banker,"wealth_management,customer_service,loan_underwriting",Private & Wealth,Relationship Manager,"wealth_management,leadership,cybersecurity",3.9,12.0,4,814.26,7.4
STF-01275,Private & Wealth,Wealth Advisor,"wealth_management,customer_service,sales_advisory,it_support",Digital & IT,Systems Administrator,"it_support,cybersecurity,data_analytics,leadership",10.4,20.0,3,989.63,3.6
STF-01276,Retail Banking,Customer Service Rep,"sales_advisory,branch_management,teller_ops,customer_service",Treasury & Markets,Treasury Analyst,"credit_risk,forex_ops,data_analytics",3.3,10.0,3,803.53,5.9
STF-01277,Credit & Lending,Credit Analyst,"aml_compliance,data_analytics,credit_risk",Credit & Lending,Loan Officer,"loan_underwriting,credit_risk",3.2,22.0,4,625.53,3.3
STF-01278,Retail Banking,Teller,"branch_management,customer_service,sales_advisory,teller_ops,data_analytics",Private & Wealth,Wealth Advisor,"sales_advisory,customer_service,branch_management",13.3,21.0,3,1056.6,10.7
STF-01279,Digital & IT,Systems Administrator,"data_analytics,digital_banking,it_support,customer_service",Digital & IT,Digital Banking Officer,"it_support,digital_banking",0.3,22.0,2,620.29,2.2
STF-01280,Retail Banking,Teller,"customer_service,teller_ops,sales_advisory,data_analytics",Retail Banking,Branch Supervisor,"customer_service,teller_ops,branch_management",4.9,20.0,4,744.91,0.0
STF-01281,Treasury & Markets,Markets Associate,"forex_ops,data_analytics,treasury_ops,aml_compliance",Treasury & Markets,FX Dealer,"forex_ops,credit_risk,data_analytics",10.0,20.0,4,903.67,4.5
STF-01282,Credit & Lending,Credit Analyst,"loan_underwriting,aml_compliance,credit_risk,sales_advisory",Credit & Lending,Underwriter,"loan_underwriting,data_analytics",6.2,25.0,4,735.91,4.1
STF-01283,Private & Wealth,Relationship Manager,"wealth_management,leadership,forex_ops",Retail Banking,Customer Service Rep,"sales_advisory,customer_service,branch_management",7.5,26.0,1,734.77,6.4
STF-01284,Digital & IT,Digital Banking Officer,"it_support,digital_banking",Digital & IT,Digital Banking Officer,"data_analytics,cybersecurity",4.7,23.0,3,919.75,0.5
STF-01285,Retail Banking,Branch Supervisor,"customer_service,branch_management,teller_ops,sales_advisory,digital_banking",Digital & IT,Digital Banking Officer,"data_analytics,cybersecurity,it_support",2.7,20.0,4,577.1,6.0
STF-01286,Private & Wealth,Private Banker,"wealth_management,leadership,customer_service,sales_advisory",Digital & IT,Systems Administrator,"digital_banking,it_support,cybersecurity",1.8,19.0,4,723.12,5.1
STF-01287,Compliance & Risk,Compliance Officer,"aml_compliance,credit_risk",Compliance & Risk,AML Investigator,"cybersecurity,leadership,aml_compliance",4.4,13.0,1,829.72,9.1
STF-01288,Private & Wealth,Wealth Advisor,"wealth_management,leadership,customer_service,it_support",Private & Wealth,Wealth Advisor,"wealth_management,sales_advisory",1.8,17.0,2,697.46,0.3
STF-01289,Private & Wealth,Private Banker,"customer_service,sales_advisory,wealth_management,leadership,treasury_ops",Treasury & Markets,Treasury Analyst,"treasury_ops,credit_risk",3.0,9.0,3,699.13,1.5
STF-01290,Digital & IT,Systems Administrator,"it_support,digital_banking,data_analytics",Digital & IT,Systems Administrator,"cybersecurity,digital_banking,it_support,teller_ops",0.5,22.0,3,675.98,15.6
STF-01291,Private & Wealth,Relationship Manager,"sales_advisory,leadership,customer_service",Compliance & Risk,Compliance Officer,"aml_compliance,cybersecurity,credit_risk,teller_ops",12.1,20.0,3,743.62,3.9
STF-01292,Treasury & Markets,Treasury Analyst,"data_analytics,forex_ops,credit_risk",Compliance & Risk,Risk Analyst,"leadership,credit_risk,cybersecurity",5.1,14.0,3,849.08,3.4
STF-01293,Digital & IT,IT Support Analyst,"cybersecurity,it_support",Compliance & Risk,AML Investigator,"credit_risk,cybersecurity,leadership",13.8,27.0,2,1089.33,13.2
STF-01294,Compliance & Risk,AML Investigator,"credit_risk,leadership,cybersecurity,aml_compliance,customer_service",Digital & IT,IT Support Analyst,"cybersecurity,digital_banking,it_support",7.1,20.0,3,848.44,4.6
STF-01295,Private & Wealth,Private Banker,"leadership,wealth_management,teller_ops",Compliance & Risk,Risk Analyst,"credit_risk,cybersecurity,leadership,branch_management",3.7,17.0,2,652.15,7.8
STF-01296,Compliance & Risk,Compliance Officer,"leadership,credit_risk,aml_compliance",Private & Wealth,Private Banker,"sales_advisory,customer_service",6.9,15.0,2,934.49,3.6
STF-01297,Compliance & Risk,AML Investigator,"aml_compliance,credit_risk,cybersecurity,leadership",Digital & IT,Systems Administrator,"digital_banking,cybersecurity",9.5,17.0,2,795.37,5.5
STF-01298,Retail Banking,Customer Service Rep,"branch_management,sales_advisory,teller_ops,customer_service,wealth_management",Compliance & Risk,Compliance Officer,"aml_compliance,cybersecurity,digital_banking",3.4,21.0,2,886.24,5.2
STF-01299,Treasury & Markets,Treasury Analyst,"forex_ops,data_analytics,aml_compliance",Private & Wealth,Private Banker,"customer_service,leadership,wealth_management",5.6,21.0,1,817.28,3.3
STF-01300,Private & Wealth,Wealth Advisor,"customer_service,leadership,treasury_ops",Credit & Lending,Credit Analyst,"aml_compliance,credit_risk,data_analytics",7.2,15.0,3,885.58,4.6
STF-01301,Retail Banking,Branch Supervisor,"branch_management,teller_ops,sales_advisory",Retail Banking,Branch Supervisor,"sales_advisory,teller_ops",2.5,16.0,3,705.37,12.7
STF-01302,Private & Wealth,Wealth Advisor,"wealth_management,sales_advisory,customer_service,leadership",Private & Wealth,Relationship Manager,"leadership,wealth_management",2.7,20.0,4,712.42,8.1
STF-01303,Compliance & Risk,Risk Analyst,"aml_compliance,cybersecurity,leadership,digital_banking",Retail Banking,Customer Service Rep,"branch_management,teller_ops,sales_advisory",10.7,17.0,4,1124.04,2.8
STF-01304,Digital & IT,IT Support Analyst,"digital_banking,it_support,data_analytics,cybersecurity,customer_service",Digital & IT,Systems Administrator,"digital_banking,cybersecurity,it_support",8.9,14.0,2,791.25,0.0
STF-01305,Treasury & Markets,FX Dealer,"data_analytics,treasury_ops,credit_risk",Treasury & Markets,Treasury Analyst,"credit_risk,data_analytics,cybersecurity",3.4,15.0,3,882.17,6.8
STF-01306,Digital & IT,Systems Administrator,"digital_banking,it_support",Private & Wealth,Private Banker,"sales_advisory,customer_service",1.0,17.0,5,929.88,6.6
STF-01307,Digital & IT,Digital Banking Officer,"it_support,cybersecurity,digital_banking",Compliance & Risk,AML Investigator,"leadership,aml_compliance,credit_risk,loan_underwriting",5.7,16.0,2,783.12,8.9
STF-01308,Credit & Lending,Underwriter,"aml_compliance,data_analytics,credit_risk,loan_underwriting",Credit & Lending,Credit Analyst,"data_analytics,aml_compliance",3.7,16.0,3,761.65,4.3
STF-01309,Compliance & Risk,Compliance Officer,"aml_compliance,cybersecurity,leadership",Compliance & Risk,AML Investigator,"aml_compliance,cybersecurity",2.1,17.0,4,702.51,9.8
STF-01310,Compliance & Risk,AML Investigator,"credit_risk,leadership,wealth_management",Compliance & Risk,Risk Analyst,"credit_risk,leadership,cybersecurity",3.1,15.0,3,500.04,7.7
STF-01311,Digital & IT,Digital Banking Officer,"cybersecurity,data_analytics",Retail Banking,Branch Supervisor,"customer_service,sales_advisory,branch_management",6.1,21.0,4,737.07,9.3
STF-01312,Compliance & Risk,Compliance Officer,"leadership,credit_risk,cybersecurity,aml_compliance",Compliance & Risk,Compliance Officer,"leadership,cybersecurity,credit_risk",10.5,15.0,3,894.4,6.3
STF-01313,Treasury & Markets,Markets Associate,"forex_ops,treasury_ops,data_analytics,credit_risk,loan_underwriting",Treasury & Markets,FX Dealer,"treasury_ops,credit_risk",3.6,15.0,3,677.01,9.6
STF-01314,Retail Banking,Teller,"branch_management,sales_advisory",Digital & IT,Systems Administrator,"digital_banking,data_analytics,cybersecurity,sales_advisory",11.6,13.0,3,967.31,0.9
STF-01315,Private & Wealth,Private Banker,"leadership,customer_service,wealth_management,digital_banking",Private & Wealth,Relationship Manager,"leadership,customer_service,teller_ops",1.9,21.0,3,933.98,11.1
STF-01316,Compliance & Risk,Compliance Officer,"credit_risk,cybersecurity,leadership",Compliance & Risk,Compliance Officer,"leadership,credit_risk",12.4,22.0,2,926.48,7.5
STF-01317,Digital & IT,IT Support Analyst,"digital_banking,data_analytics,it_support",Compliance & Risk,AML Investigator,"leadership,aml_compliance",1.7,19.0,5,525.34,6.8
STF-01318,Treasury & Markets,FX Dealer,"credit_risk,data_analytics,forex_ops,treasury_ops",Treasury & Markets,Treasury Analyst,"data_analytics,forex_ops,teller_ops",8.1,17.0,3,881.81,6.1
STF-01319,Retail Banking,Branch Supervisor,"teller_ops,sales_advisory,it_support",Retail Banking,Branch Supervisor,"sales_advisory,teller_ops,data_analytics",2.9,20.0,4,676.34,7.8
STF-01320,Compliance & Risk,Compliance Officer,"leadership,cybersecurity,aml_compliance,treasury_ops",Compliance & Risk,Risk Analyst,"cybersecurity,credit_risk,leadership",3.4,14.0,3,740.3,9.3
STF-01321,Treasury & Markets,Markets Associate,"data_analytics,credit_risk",Compliance & Risk,Risk Analyst,"credit_risk,leadership,aml_compliance,branch_management",6.2,22.0,3,855.65,9.6
STF-01322,Treasury & Markets,Markets Associate,"forex_ops,treasury_ops",Treasury & Markets,Treasury Analyst,"treasury_ops,credit_risk,forex_ops",10.0,15.0,3,739.82,6.8
STF-01323,Private & Wealth,Wealth Advisor,"wealth_management,customer_service,forex_ops",Credit & Lending,Lending Manager,"aml_compliance,loan_underwriting,data_analytics,forex_ops",2.9,14.0,3,650.19,5.6
STF-01324,Compliance & Risk,Risk Analyst,"aml_compliance,cybersecurity,credit_risk",Compliance & Risk,Risk Analyst,"credit_risk,cybersecurity",9.4,14.0,1,863.27,12.1
STF-01325,Digital & IT,Digital Banking Officer,"it_support,digital_banking,wealth_management",Digital & IT,Systems Administrator,"data_analytics,digital_banking,teller_ops",7.0,19.0,2,540.6,5.3
STF-01326,Treasury & Markets,Treasury Analyst,"data_analytics,forex_ops,loan_underwriting",Treasury & Markets,FX Dealer,"forex_ops,credit_risk",3.2,18.0,3,688.81,7.4
STF-01327,Digital & IT,IT Support Analyst,"digital_banking,cybersecurity,data_analytics,it_support",Private & Wealth,Private Banker,"customer_service,sales_advisory,loan_underwriting",4.8,11.0,4,626.76,1.6
STF-01328,Credit & Lending,Credit Analyst,"data_analytics,loan_underwriting",Credit & Lending,Credit Analyst,"credit_risk,aml_compliance,data_analytics",4.7,17.0,3,555.18,9.8
STF-01329,Treasury & Markets,Markets Associate,"forex_ops,data_analytics,treasury_ops,credit_risk,it_support",Treasury & Markets,Markets Associate,"data_analytics,forex_ops",10.8,10.0,3,849.02,10.8
STF-01330,Credit & Lending,Loan Officer,"credit_risk,data_analytics,aml_compliance,loan_underwriting,forex_ops",Treasury & Markets,FX Dealer,"credit_risk,treasury_ops,forex_ops",1.1,23.0,3,884.19,5.3
STF-01331,Compliance & Risk,Risk Analyst,"cybersecurity,aml_compliance,credit_risk",Private & Wealth,Private Banker,"sales_advisory,customer_service,wealth_management,credit_risk",1.9,27.0,2,625.03,10.1
STF-01332,Digital & IT,Systems Administrator,"it_support,digital_banking",Digital & IT,IT Support Analyst,"cybersecurity,digital_banking,aml_compliance",5.0,12.0,3,751.61,10.5
STF-01333,Private & Wealth,Private Banker,"leadership,wealth_management,customer_service,branch_management",Credit & Lending,Credit Analyst,"credit_risk,aml_compliance,treasury_ops",7.8,14.0,4,805.21,13.7
STF-01334,Private & Wealth,Relationship Manager,"leadership,sales_advisory,customer_service,wealth_management",Private & Wealth,Relationship Manager,"leadership,wealth_management,customer_service",0.7,19.0,4,569.35,1.9
STF-01335,Digital & IT,Digital Banking Officer,"digital_banking,it_support,treasury_ops",Digital & IT,IT Support Analyst,"cybersecurity,digital_banking",5.9,26.0,3,780.14,2.4
STF-01336,Credit & Lending,Loan Officer,"credit_risk,aml_compliance",Private & Wealth,Wealth Advisor,"wealth_management,leadership,treasury_ops",12.8,19.0,3,947.03,2.2
STF-01337,Treasury & Markets,FX Dealer,"forex_ops,treasury_ops,data_analytics,credit_risk",Digital & IT,Digital Banking Officer,"it_support,cybersecurity,data_analytics",2.4,17.0,2,841.9,3.8
STF-01338,Digital & IT,Systems Administrator,"cybersecurity,it_support",Digital & IT,Digital Banking Officer,"it_support,data_analytics",6.3,16.0,4,659.35,10.0
STF-01339,Treasury & Markets,Treasury Analyst,"treasury_ops,credit_risk,data_analytics,forex_ops",Retail Banking,Customer Service Rep,"teller_ops,sales_advisory,customer_service",11.4,18.0,3,867.1,4.6
STF-01340,Private & Wealth,Private Banker,"wealth_management,sales_advisory",Treasury & Markets,Treasury Analyst,"credit_risk,treasury_ops,data_analytics",7.4,17.0,4,952.23,0.0
STF-01341,Credit & Lending,Underwriter,"credit_risk,data_analytics,cybersecurity",Private & Wealth,Private Banker,"sales_advisory,customer_service,leadership,aml_compliance",1.3,20.0,3,441.22,2.6
STF-01342,Credit & Lending,Loan Officer,"loan_underwriting,data_analytics,credit_risk,forex_ops",Credit & Lending,Credit Analyst,"aml_compliance,loan_underwriting,customer_service",2.8,18.0,3,788.76,5.5
STF-01343,Credit & Lending,Loan Officer,"loan_underwriting,aml_compliance,credit_risk",Credit & Lending,Underwriter,"aml_compliance,credit_risk,data_analytics,digital_banking",8.1,25.0,3,823.32,5.2
STF-01344,Retail Banking,Teller,"sales_advisory,teller_ops,branch_management,customer_service,it_support",Retail Banking,Branch Supervisor,"customer_service,sales_advisory,branch_management",4.4,17.0,2,983.56,3.0
STF-01345,Digital & IT,Systems Administrator,"it_support,digital_banking",Digital & IT,Systems Administrator,"cybersecurity,digital_banking,it_support,sales_advisory",5.9,18.0,3,661.24,4.3
STF-01346,Compliance & Risk,AML Investigator,"leadership,aml_compliance",Retail Banking,Branch Supervisor,"customer_service,teller_ops,branch_management",2.8,23.0,4,807.88,8.3
STF-01347,Retail Banking,Branch Officer,"teller_ops,customer_service",Compliance & Risk,Compliance Officer,"cybersecurity,leadership",0.7,21.0,2,563.7,6.7
STF-01348,Private & Wealth,Private Banker,"wealth_management,customer_service,sales_advisory,leadership",Treasury & Markets,Markets Associate,"credit_risk,treasury_ops,forex_ops,loan_underwriting",1.8,25.0,4,664.86,6.3
STF-01349,Credit & Lending,Credit Analyst,"credit_risk,data_analytics",Private & Wealth,Wealth Advisor,"customer_service,sales_advisory,wealth_management",3.7,17.0,3,421.84,1.7
STF-01350,Retail Banking,Branch Officer,"customer_service,teller_ops,digital_banking",Digital & IT,Digital Banking Officer,"digital_banking,data_analytics,cybersecurity,branch_management",6.3,20.0,4,614.1,7.4
STF-01351,Digital & IT,Systems Administrator,"cybersecurity,digital_banking,data_analytics,it_support",Compliance & Risk,Risk Analyst,"aml_compliance,cybersecurity,credit_risk",5.0,20.0,2,883.02,0.0
STF-01352,Digital & IT,Digital Banking Officer,"it_support,cybersecurity,digital_banking,aml_compliance",Digital & IT,Systems Administrator,"cybersecurity,it_support,data_analytics,aml_compliance",2.2,14.0,3,492.31,0.0
STF-01353,Private & Wealth,Private Banker,"sales_advisory,customer_service,wealth_management",Treasury & Markets,Markets Associate,"treasury_ops,forex_ops",6.0,19.0,3,570.85,2.8
STF-01354,Credit & Lending,Lending Manager,"loan_underwriting,credit_risk,data_analytics",Credit & Lending,Credit Analyst,"loan_underwriting,aml_compliance",2.2,23.0,2,740.72,5.1
STF-01355,Retail Banking,Customer Service Rep,"customer_service,branch_management,sales_advisory,teller_ops",Retail Banking,Customer Service Rep,"sales_advisory,teller_ops,customer_service",4.2,20.0,5,874.52,13.1
STF-01356,Private & Wealth,Private Banker,"sales_advisory,customer_service,wealth_management",Compliance & Risk,Risk Analyst,"aml_compliance,leadership,credit_risk,data_analytics",10.1,20.0,2,988.37,3.7
STF-01357,Private & Wealth,Private Banker,"wealth_management,leadership,customer_service,sales_advisory",Treasury & Markets,FX Dealer,"data_analytics,credit_risk",1.2,11.0,4,696.48,8.5
STF-01358,Compliance & Risk,AML Investigator,"cybersecurity,leadership,aml_compliance,credit_risk",Private & Wealth,Relationship Manager,"sales_advisory,leadership,forex_ops",13.1,9.0,2,1028.32,2.2
STF-01359,Private & Wealth,Relationship Manager,"leadership,wealth_management,sales_advisory,customer_service",Private & Wealth,Private Banker,"wealth_management,sales_advisory,leadership",6.9,15.0,4,704.87,5.7
STF-01360,Private & Wealth,Wealth Advisor,"leadership,wealth_management,customer_service",Private & Wealth,Wealth Advisor,"customer_service,sales_advisory,teller_ops",6.7,18.0,4,972.29,0.0
STF-01361,Treasury & Markets,Markets Associate,"data_analytics,credit_risk,treasury_ops,forex_ops,branch_management",Treasury & Markets,Treasury Analyst,"forex_ops,data_analytics,treasury_ops",4.0,16.0,3,1123.77,8.9
STF-01362,Treasury & Markets,Markets Associate,"credit_risk,data_analytics,treasury_ops",Treasury & Markets,FX Dealer,"data_analytics,forex_ops,credit_risk",6.8,15.0,3,992.16,5.4
STF-01363,Private & Wealth,Private Banker,"leadership,wealth_management,forex_ops",Private & Wealth,Private Banker,"sales_advisory,leadership",0.8,15.0,3,892.01,2.4
STF-01364,Private & Wealth,Private Banker,"wealth_management,leadership,customer_service",Private & Wealth,Private Banker,"leadership,sales_advisory,branch_management",5.4,21.0,4,504.92,8.8
STF-01365,Credit & Lending,Underwriter,"data_analytics,loan_underwriting,branch_management",Digital & IT,Systems Administrator,"digital_banking,it_support",7.0,15.0,3,759.44,6.2
STF-01366,Retail Banking,Customer Service Rep,"branch_management,customer_service",Retail Banking,Customer Service Rep,"teller_ops,customer_service",10.0,21.0,3,937.19,4.1
STF-01367,Treasury & Markets,Treasury Analyst,"treasury_ops,credit_risk,data_analytics,leadership",Treasury & Markets,FX Dealer,"treasury_ops,data_analytics",1.5,25.0,2,815.85,4.7
STF-01368,Digital & IT,IT Support Analyst,"cybersecurity,digital_banking",Private & Wealth,Private Banker,"sales_advisory,leadership",12.8,21.0,2,925.24,1.4
STF-01369,Private & Wealth,Wealth Advisor,"sales_advisory,leadership,wealth_management,customer_service",Compliance & Risk,AML Investigator,"aml_compliance,leadership,sales_advisory",1.7,20.0,4,620.14,0.9
STF-01370,Treasury & Markets,FX Dealer,"data_analytics,forex_ops",Treasury & Markets,Markets Associate,"treasury_ops,data_analytics",7.4,15.0,3,817.65,6.8
STF-01371,Digital & IT,Systems Administrator,"digital_banking,cybersecurity,data_analytics",Retail Banking,Customer Service Rep,"teller_ops,branch_management,sales_advisory",4.5,23.0,4,822.51,4.5
STF-01372,Compliance & Risk,Compliance Officer,"leadership,cybersecurity,aml_compliance",Compliance & Risk,Risk Analyst,"credit_risk,aml_compliance,leadership,loan_underwriting",3.1,14.0,2,629.13,8.4
STF-01373,Compliance & Risk,Risk Analyst,"cybersecurity,leadership,credit_risk",Treasury & Markets,Treasury Analyst,"treasury_ops,forex_ops,data_analytics,aml_compliance",2.1,17.0,2,645.99,5.7
STF-01374,Retail Banking,Customer Service Rep,"branch_management,sales_advisory,teller_ops,customer_service",Retail Banking,Branch Officer,"branch_management,customer_service,sales_advisory,aml_compliance",4.8,18.0,3,646.87,7.6
STF-01375,Compliance & Risk,Risk Analyst,"cybersecurity,credit_risk,wealth_management",Compliance & Risk,AML Investigator,"aml_compliance,cybersecurity,credit_risk,teller_ops",3.2,11.0,3,896.0,0.0
STF-01376,Private & Wealth,Wealth Advisor,"sales_advisory,customer_service,wealth_management",Private & Wealth,Relationship Manager,"sales_advisory,wealth_management,leadership,forex_ops",9.6,17.0,3,1117.43,0.5
STF-01377,Private & Wealth,Private Banker,"leadership,sales_advisory,customer_service",Retail Banking,Customer Service Rep,"customer_service,teller_ops",3.5,10.0,4,799.86,5.4
STF-01378,Credit & Lending,Lending Manager,"credit_risk,loan_underwriting,aml_compliance,teller_ops",Treasury & Markets,Treasury Analyst,"data_analytics,treasury_ops,credit_risk",1.3,15.0,3,632.06,10.0
STF-01379,Treasury & Markets,Markets Associate,"treasury_ops,credit_risk,forex_ops,data_analytics",Treasury & Markets,Treasury Analyst,"data_analytics,treasury_ops,forex_ops",4.5,21.0,3,727.65,6.6
STF-01380,Credit & Lending,Credit Analyst,"aml_compliance,data_analytics,loan_underwriting,credit_risk",Retail Banking,Branch Officer,"teller_ops,sales_advisory,branch_management",5.6,13.0,2,752.0,0.0
STF-01381,Digital & IT,IT Support Analyst,"it_support,data_analytics,cybersecurity",Digital & IT,Digital Banking Officer,"cybersecurity,it_support",1.1,15.0,3,738.86,1.2
STF-01382,Treasury & Markets,FX Dealer,"data_analytics,forex_ops,digital_banking",Treasury & Markets,Treasury Analyst,"credit_risk,data_analytics,treasury_ops",4.3,8.0,3,496.21,8.5
STF-01383,Credit & Lending,Underwriter,"aml_compliance,loan_underwriting",Credit & Lending,Underwriter,"loan_underwriting,data_analytics",3.6,21.0,3,713.46,6.7
STF-01384,Digital & IT,IT Support Analyst,"it_support,data_analytics,cybersecurity,leadership",Treasury & Markets,FX Dealer,"data_analytics,treasury_ops,forex_ops",6.6,19.0,1,999.4,3.8
STF-01385,Credit & Lending,Lending Manager,"data_analytics,credit_risk,aml_compliance,loan_underwriting,forex_ops",Credit & Lending,Lending Manager,"credit_risk,loan_underwriting,aml_compliance,wealth_management",9.6,16.0,3,842.71,4.9
STF-01386,Digital & IT,IT Support Analyst,"data_analytics,cybersecurity,digital_banking,it_support,credit_risk",Treasury & Markets,Treasury Analyst,"treasury_ops,data_analytics",2.1,19.0,2,547.92,5.9
STF-01387,Retail Banking,Customer Service Rep,"teller_ops,branch_management,customer_service,sales_advisory",Compliance & Risk,AML Investigator,"credit_risk,aml_compliance,cybersecurity,wealth_management",4.7,20.0,4,712.52,5.2
STF-01388,Digital & IT,IT Support Analyst,"it_support,digital_banking",Treasury & Markets,Treasury Analyst,"credit_risk,forex_ops,data_analytics",9.2,21.0,3,921.05,10.1
STF-01389,Retail Banking,Customer Service Rep,"branch_management,sales_advisory,customer_service",Digital & IT,Digital Banking Officer,"cybersecurity,digital_banking,it_support",2.9,22.0,3,648.76,10.2
STF-01390,Digital & IT,IT Support Analyst,"digital_banking,cybersecurity,data_analytics,it_support",Digital & IT,Systems Administrator,"cybersecurity,data_analytics,digital_banking,teller_ops",9.0,22.0,4,965.54,0.0
STF-01391,Digital & IT,Systems Administrator,"digital_banking,it_support,data_analytics,branch_management",Digital & IT,Systems Administrator,"data_analytics,cybersecurity,digital_banking",4.4,14.0,3,928.08,3.9
STF-01392,Credit & Lending,Credit Analyst,"loan_underwriting,data_analytics,credit_risk,aml_compliance",Credit & Lending,Underwriter,"aml_compliance,data_analytics",5.8,20.0,2,789.68,10.7
STF-01393,Credit & Lending,Lending Manager,"loan_underwriting,aml_compliance,credit_risk,leadership",Credit & Lending,Loan Officer,"loan_underwriting,aml_compliance",0.7,12.0,4,618.98,0.6
STF-01394,Credit & Lending,Credit Analyst,"credit_risk,aml_compliance",Credit & Lending,Loan Officer,"data_analytics,loan_underwriting",5.9,15.0,3,671.3,8.3
STF-01395,Treasury & Markets,Markets Associate,"credit_risk,forex_ops,treasury_ops,data_analytics,loan_underwriting",Treasury & Markets,FX Dealer,"treasury_ops,data_analytics,forex_ops",8.7,22.0,2,912.45,13.6
STF-01396,Retail Banking,Teller,"customer_service,sales_advisory,cybersecurity",Retail Banking,Branch Officer,"sales_advisory,customer_service,branch_management,wealth_management",3.3,25.0,4,642.13,3.7
STF-01397,Private & Wealth,Wealth Advisor,"wealth_management,leadership,sales_advisory,customer_service",Treasury & Markets,Markets Associate,"treasury_ops,forex_ops,data_analytics,digital_banking",6.5,21.0,3,974.17,0.0
STF-01398,Retail Banking,Branch Supervisor,"teller_ops,customer_service,branch_management,leadership",Treasury & Markets,FX Dealer,"data_analytics,treasury_ops,credit_risk",0.5,21.0,3,675.28,5.4
STF-01399,Digital & IT,Digital Banking Officer,"digital_banking,it_support,data_analytics,cybersecurity,branch_management",Digital & IT,IT Support Analyst,"digital_banking,it_support,data_analytics",0.5,19.0,3,726.0,6.7
STF-01400,Digital & IT,Systems Administrator,"cybersecurity,it_support,digital_banking,data_analytics,credit_risk",Compliance & Risk,AML Investigator,"leadership,aml_compliance,it_support",3.9,17.0,3,635.65,2.5
